Workbook

Sheet Case 5A p 0.05 NFIM 0.05
B2: IsVCO—Decision Stump
B3: Predictor | C3: Expected Contribution to target | D3: p-value | E3: p -value aligned to expectations? | F3: Normalized Feature Importance Metric (NFIM) | G3: NFIM Aligned to expectations? | H3: EDA alignment and NFIM alignment agree?
B4: UV-Vis Absorbance at 278 nm | C4: Major | D4: 2.751181e-39 | E4: =IF($C4 = "Major", IF($D4 < 0.05, "Yes", "No"), IF($D4 >= 0.05, "Yes", "No")) -> Yes | F4: 1 | G4: =IF($C4="Major", IF($F4 > 0.05, "Yes", "No"), IF($F4 <= 0.05, "Yes", "No")) -> Yes | H4: =IF(E4 = G4, "Yes", "No") -> Yes
B5: Diglyceride signal ratio | C5: Major | D5: 6.667e-08 | E5: =IF($C5 = "Major", IF($D5 < 0.05, "Yes", "No"), IF($D5 >= 0.05, "Yes", "No")) -> Yes | F5: 0 | G5: =IF($C5="Major", IF($F5 > 0.05, "Yes", "No"), IF($F5 <= 0.05, "Yes", "No")) -> No | H5: =IF(E5 = G5, "Yes", "No") -> No
B6: Unsaturated carbon signal ratio | C6: Minor | D6: 1.38644e-13 | E6: =IF($C6 = "Major", IF($D6 < 0.05, "Yes", "No"), IF($D6 >= 0.05, "Yes", "No")) -> No | F6: 0 | G6: =IF($C6="Major", IF($F6 > 0.05, "Yes", "No"), IF($F6 <= 0.05, "Yes", "No")) -> Yes | H6: =IF(E6 = G6, "Yes", "No") -> No
B8: Major Predictors | C8: =COUNTIF($C2:$C6,"Major") -> 2
B9: Minor Predictors | C9: =COUNTIF($C2:$C6,"Minor") -> 1
B10: Total Number of Predictors | C10: =SUM(C8:C9) -> 3
B11: Predictors having EDA aligned to expectations | C11: =COUNTIF(E4:E6, "Yes") -> 2
B12: Predictors having NFIM aligned to expectations | C12: =COUNTIF($G4:$G6, "Yes") -> 2
B13: Predictors having EDA and NFIM aligned | C13: =COUNTIF($H4:$H6, "Yes") -> 1

Sheet Case 5A p 0.05 NFIM 0.10
B2: IsVCO—Decision Stump
B3: Predictor | C3: Expected Contribution to target | D3: p-value | E3: p -value aligned to expectations? | F3: Normalized Feature Importance Metric (NFIM) | G3: NFIM Aligned to expectations? | H3: EDA alignment and NFIM alignment agree?
B4: UV-Vis Absorbance at 278 nm | C4: Major | D4: 2.751181e-39 | E4: =IF($C4 = "Major", IF($D4 < 0.05, "Yes", "No"), IF($D4 >= 0.05, "Yes", "No")) -> Yes | F4: 1 | G4: =IF($C4="Major", IF($F4 > 0.1, "Yes", "No"), IF($F4 <= 0.1, "Yes", "No")) -> Yes | H4: =IF(E4 = G4, "Yes", "No") -> Yes
B5: Diglyceride signal ratio | C5: Major | D5: 6.667e-08 | E5: =IF($C5 = "Major", IF($D5 < 0.05, "Yes", "No"), IF($D5 >= 0.05, "Yes", "No")) -> Yes | F5: 0 | G5: =IF($C5="Major", IF($F5 > 0.1, "Yes", "No"), IF($F5 <= 0.1, "Yes", "No")) -> No | H5: =IF(E5 = G5, "Yes", "No") -> No
B6: Unsaturated carbon signal ratio | C6: Minor | D6: 1.38644e-13 | E6: =IF($C6 = "Major", IF($D6 < 0.05, "Yes", "No"), IF($D6 >= 0.05, "Yes", "No")) -> No | F6: 0 | G6: =IF($C6="Major", IF($F6 > 0.1, "Yes", "No"), IF($F6 <= 0.1, "Yes", "No")) -> Yes | H6: =IF(E6 = G6, "Yes", "No") -> No
B8: Major Predictors | C8: =COUNTIF($C2:$C6,"Major") -> 2
B9: Minor Predictors | C9: =COUNTIF($C2:$C6,"Minor") -> 1
B10: Total Number of Predictors | C10: =SUM(C8:C9) -> 3
B11: Predictors having EDA aligned to expectations | C11: =COUNTIF(E4:E6, "Yes") -> 2
B12: Predictors having NFIM aligned to expectations | C12: =COUNTIF($G4:$G6, "Yes") -> 2
B13: Predictors having EDA and NFIM aligned | C13: =COUNTIF($H4:$H6, "Yes") -> 1

Sheet Case 5A p 0.05 NFIM 0.15
B2: IsVCO—Decision Stump
B3: Predictor | C3: Expected Contribution to target | D3: p-value | E3: p -value aligned to expectations? | F3: Normalized Feature Importance Metric (NFIM) | G3: NFIM Aligned to expectations? | H3: EDA alignment and NFIM alignment agree?
B4: UV-Vis Absorbance at 278 nm | C4: Major | D4: 2.751181e-39 | E4: =IF($C4 = "Major", IF($D4 < 0.05, "Yes", "No"), IF($D4 >= 0.05, "Yes", "No")) -> Yes | F4: 1 | G4: =IF($C4="Major", IF($F4 > 0.15, "Yes", "No"), IF($F4 <= 0.15, "Yes", "No")) -> Yes | H4: =IF(E4 = G4, "Yes", "No") -> Yes
B5: Diglyceride signal ratio | C5: Major | D5: 6.667e-08 | E5: =IF($C5 = "Major", IF($D5 < 0.05, "Yes", "No"), IF($D5 >= 0.05, "Yes", "No")) -> Yes | F5: 0 | G5: =IF($C5="Major", IF($F5 > 0.15, "Yes", "No"), IF($F5 <= 0.15, "Yes", "No")) -> No | H5: =IF(E5 = G5, "Yes", "No") -> No
B6: Unsaturated carbon signal ratio | C6: Minor | D6: 1.38644e-13 | E6: =IF($C6 = "Major", IF($D6 < 0.05, "Yes", "No"), IF($D6 >= 0.05, "Yes", "No")) -> No | F6: 0 | G6: =IF($C6="Major", IF($F6 > 0.15, "Yes", "No"), IF($F6 <= 0.15, "Yes", "No")) -> Yes | H6: =IF(E6 = G6, "Yes", "No") -> No
B8: Major Predictors | C8: =COUNTIF($C2:$C6,"Major") -> 2
B9: Minor Predictors | C9: =COUNTIF($C2:$C6,"Minor") -> 1
B10: Total Number of Predictors | C10: =SUM(C8:C9) -> 3
B11: Predictors having EDA aligned to expectations | C11: =COUNTIF(E4:E6, "Yes") -> 2
B12: Predictors having NFIM aligned to expectations | C12: =COUNTIF($G4:$G6, "Yes") -> 2
B13: Predictors having EDA and NFIM aligned | C13: =COUNTIF($H4:$H6, "Yes") -> 1

Sheet Case 5A p 0.01 NFIM 0.05
B2: IsVCO—Decision Stump
B3: Predictor | C3: Expected Contribution to target | D3: p-value | E3: p -value aligned to expectations? | F3: Normalized Feature Importance Metric (NFIM) | G3: NFIM Aligned to expectations? | H3: EDA alignment and NFIM alignment agree?
B4: UV-Vis Absorbance at 278 nm | C4: Major | D4: 2.751181e-39 | E4: =IF($C4 = "Major", IF($D4 < 0.01, "Yes", "No"), IF($D4 >= 0.01, "Yes", "No")) -> Yes | F4: 1 | G4: =IF($C4="Major", IF($F4 > 0.05, "Yes", "No"), IF($F4 <= 0.05, "Yes", "No")) -> Yes | H4: =IF(E4 = G4, "Yes", "No") -> Yes
B5: Diglyceride signal ratio | C5: Major | D5: 6.667e-08 | E5: =IF($C5 = "Major", IF($D5 < 0.01, "Yes", "No"), IF($D5 >= 0.01, "Yes", "No")) -> Yes | F5: 0 | G5: =IF($C5="Major", IF($F5 > 0.05, "Yes", "No"), IF($F5 <= 0.05, "Yes", "No")) -> No | H5: =IF(E5 = G5, "Yes", "No") -> No
B6: Unsaturated carbon signal ratio | C6: Minor | D6: 1.38644e-13 | E6: =IF($C6 = "Major", IF($D6 < 0.01, "Yes", "No"), IF($D6 >= 0.01, "Yes", "No")) -> No | F6: 0 | G6: =IF($C6="Major", IF($F6 > 0.05, "Yes", "No"), IF($F6 <= 0.05, "Yes", "No")) -> Yes | H6: =IF(E6 = G6, "Yes", "No") -> No
B8: Major Predictors | C8: =COUNTIF($C2:$C6,"Major") -> 2
B9: Minor Predictors | C9: =COUNTIF($C2:$C6,"Minor") -> 1
B10: Total Number of Predictors | C10: =SUM(C8:C9) -> 3
B11: Predictors having EDA aligned to expectations | C11: =COUNTIF(E4:E6, "Yes") -> 2
B12: Predictors having NFIM aligned to expectations | C12: =COUNTIF($G4:$G6, "Yes") -> 2
B13: Predictors having EDA and NFIM aligned | C13: =COUNTIF($H4:$H6, "Yes") -> 1

Sheet Case 5A p 0.01 NFIM 0.10
B2: IsVCO—Decision Stump
B3: Predictor | C3: Expected Contribution to target | D3: p-value | E3: p -value aligned to expectations? | F3: Normalized Feature Importance Metric (NFIM) | G3: NFIM Aligned to expectations? | H3: EDA alignment and NFIM alignment agree?
B4: UV-Vis Absorbance at 278 nm | C4: Major | D4: 2.751181e-39 | E4: =IF($C4 = "Major", IF($D4 < 0.01, "Yes", "No"), IF($D4 >= 0.01, "Yes", "No")) -> Yes | F4: 1 | G4: =IF($C4="Major", IF($F4 > 0.1, "Yes", "No"), IF($F4 <= 0.1, "Yes", "No")) -> Yes | H4: =IF(E4 = G4, "Yes", "No") -> Yes
B5: Diglyceride signal ratio | C5: Major | D5: 6.667e-08 | E5: =IF($C5 = "Major", IF($D5 < 0.01, "Yes", "No"), IF($D5 >= 0.01, "Yes", "No")) -> Yes | F5: 0 | G5: =IF($C5="Major", IF($F5 > 0.1, "Yes", "No"), IF($F5 <= 0.1, "Yes", "No")) -> No | H5: =IF(E5 = G5, "Yes", "No") -> No
B6: Unsaturated carbon signal ratio | C6: Minor | D6: 1.38644e-13 | E6: =IF($C6 = "Major", IF($D6 < 0.01, "Yes", "No"), IF($D6 >= 0.01, "Yes", "No")) -> No | F6: 0 | G6: =IF($C6="Major", IF($F6 > 0.1, "Yes", "No"), IF($F6 <= 0.1, "Yes", "No")) -> Yes | H6: =IF(E6 = G6, "Yes", "No") -> No
B8: Major Predictors | C8: =COUNTIF($C2:$C6,"Major") -> 2
B9: Minor Predictors | C9: =COUNTIF($C2:$C6,"Minor") -> 1
B10: Total Number of Predictors | C10: =SUM(C8:C9) -> 3
B11: Predictors having EDA aligned to expectations | C11: =COUNTIF(E4:E6, "Yes") -> 2
B12: Predictors having NFIM aligned to expectations | C12: =COUNTIF($G4:$G6, "Yes") -> 2
B13: Predictors having EDA and NFIM aligned | C13: =COUNTIF($H4:$H6, "Yes") -> 1

Sheet Case 5A p 0.01 NFIM 0.15
B2: IsVCO—Decision Stump
B3: Predictor | C3: Expected Contribution to target | D3: p-value | E3: p -value aligned to expectations? | F3: Normalized Feature Importance Metric (NFIM) | G3: NFIM Aligned to expectations? | H3: EDA alignment and NFIM alignment agree?
B4: UV-Vis Absorbance at 278 nm | C4: Major | D4: 2.751181e-39 | E4: =IF($C4 = "Major", IF($D4 < 0.01, "Yes", "No"), IF($D4 >= 0.01, "Yes", "No")) -> Yes | F4: 1 | G4: =IF($C4="Major", IF($F4 > 0.15, "Yes", "No"), IF($F4 <= 0.15, "Yes", "No")) -> Yes | H4: =IF(E4 = G4, "Yes", "No") -> Yes
B5: Diglyceride signal ratio | C5: Major | D5: 6.667e-08 | E5: =IF($C5 = "Major", IF($D5 < 0.01, "Yes", "No"), IF($D5 >= 0.01, "Yes", "No")) -> Yes | F5: 0 | G5: =IF($C5="Major", IF($F5 > 0.15, "Yes", "No"), IF($F5 <= 0.15, "Yes", "No")) -> No | H5: =IF(E5 = G5, "Yes", "No") -> No
B6: Unsaturated carbon signal ratio | C6: Minor | D6: 1.38644e-13 | E6: =IF($C6 = "Major", IF($D6 < 0.01, "Yes", "No"), IF($D6 >= 0.01, "Yes", "No")) -> No | F6: 0 | G6: =IF($C6="Major", IF($F6 > 0.15, "Yes", "No"), IF($F6 <= 0.15, "Yes", "No")) -> Yes | H6: =IF(E6 = G6, "Yes", "No") -> No
B8: Major Predictors | C8: =COUNTIF($C2:$C6,"Major") -> 2
B9: Minor Predictors | C9: =COUNTIF($C2:$C6,"Minor") -> 1
B10: Total Number of Predictors | C10: =SUM(C8:C9) -> 3
B11: Predictors having EDA aligned to expectations | C11: =COUNTIF(E4:E6, "Yes") -> 2
B12: Predictors having NFIM aligned to expectations | C12: =COUNTIF($G4:$G6, "Yes") -> 2
B13: Predictors having EDA and NFIM aligned | C13: =COUNTIF($H4:$H6, "Yes") -> 1

Sheet Case 5A p 0.001 NFIM 0.05
B2: IsVCO—Decision Stump
B3: Predictor | C3: Expected Contribution to target | D3: p-value | E3: p -value aligned to expectations? | F3: Normalized Feature Importance Metric (NFIM) | G3: NFIM Aligned to expectations? | H3: EDA alignment and NFIM alignment agree?
B4: UV-Vis Absorbance at 278 nm | C4: Major | D4: 2.751181e-39 | E4: =IF($C4 = "Major", IF($D4 < 0.001, "Yes", "No"), IF($D4 >= 0.001, "Yes", "No")) -> Yes | F4: 1 | G4: =IF($C4="Major", IF($F4 > 0.05, "Yes", "No"), IF($F4 <= 0.05, "Yes", "No")) -> Yes | H4: =IF(E4 = G4, "Yes", "No") -> Yes
B5: Diglyceride signal ratio | C5: Major | D5: 6.667e-08 | E5: =IF($C5 = "Major", IF($D5 < 0.001, "Yes", "No"), IF($D5 >= 0.001, "Yes", "No")) -> Yes | F5: 0 | G5: =IF($C5="Major", IF($F5 > 0.05, "Yes", "No"), IF($F5 <= 0.05, "Yes", "No")) -> No | H5: =IF(E5 = G5, "Yes", "No") -> No
B6: Unsaturated carbon signal ratio | C6: Minor | D6: 1.38644e-13 | E6: =IF($C6 = "Major", IF($D6 < 0.001, "Yes", "No"), IF($D6 >= 0.001, "Yes", "No")) -> No | F6: 0 | G6: =IF($C6="Major", IF($F6 > 0.05, "Yes", "No"), IF($F6 <= 0.05, "Yes", "No")) -> Yes | H6: =IF(E6 = G6, "Yes", "No") -> No
B8: Major Predictors | C8: =COUNTIF($C2:$C6,"Major") -> 2
B9: Minor Predictors | C9: =COUNTIF($C2:$C6,"Minor") -> 1
B10: Total Number of Predictors | C10: =SUM(C8:C9) -> 3
B11: Predictors having EDA aligned to expectations | C11: =COUNTIF(E4:E6, "Yes") -> 2
B12: Predictors having NFIM aligned to expectations | C12: =COUNTIF($G4:$G6, "Yes") -> 2
B13: Predictors having EDA and NFIM aligned | C13: =COUNTIF($H4:$H6, "Yes") -> 1

Sheet Case 5A p 0.001 NFIM 0.10
B2: IsVCO—Decision Stump
B3: Predictor | C3: Expected Contribution to target | D3: p-value | E3: p -value aligned to expectations? | F3: Normalized Feature Importance Metric (NFIM) | G3: NFIM Aligned to expectations? | H3: EDA alignment and NFIM alignment agree?
B4: UV-Vis Absorbance at 278 nm | C4: Major | D4: 2.751181e-39 | E4: =IF($C4 = "Major", IF($D4 < 0.001, "Yes", "No"), IF($D4 >= 0.001, "Yes", "No")) -> Yes | F4: 1 | G4: =IF($C4="Major", IF($F4 > 0.1, "Yes", "No"), IF($F4 <= 0.1, "Yes", "No")) -> Yes | H4: =IF(E4 = G4, "Yes", "No") -> Yes
B5: Diglyceride signal ratio | C5: Major | D5: 6.667e-08 | E5: =IF($C5 = "Major", IF($D5 < 0.001, "Yes", "No"), IF($D5 >= 0.001, "Yes", "No")) -> Yes | F5: 0 | G5: =IF($C5="Major", IF($F5 > 0.1, "Yes", "No"), IF($F5 <= 0.1, "Yes", "No")) -> No | H5: =IF(E5 = G5, "Yes", "No") -> No
B6: Unsaturated carbon signal ratio | C6: Minor | D6: 1.38644e-13 | E6: =IF($C6 = "Major", IF($D6 < 0.001, "Yes", "No"), IF($D6 >= 0.001, "Yes", "No")) -> No | F6: 0 | G6: =IF($C6="Major", IF($F6 > 0.1, "Yes", "No"), IF($F6 <= 0.1, "Yes", "No")) -> Yes | H6: =IF(E6 = G6, "Yes", "No") -> No
B8: Major Predictors | C8: =COUNTIF($C2:$C6,"Major") -> 2
B9: Minor Predictors | C9: =COUNTIF($C2:$C6,"Minor") -> 1
B10: Total Number of Predictors | C10: =SUM(C8:C9) -> 3
B11: Predictors having EDA aligned to expectations | C11: =COUNTIF(E4:E6, "Yes") -> 2
B12: Predictors having NFIM aligned to expectations | C12: =COUNTIF($G4:$G6, "Yes") -> 2
B13: Predictors having EDA and NFIM aligned | C13: =COUNTIF($H4:$H6, "Yes") -> 1

Sheet Case 5A p 0.001 NFIM 0.15
B2: IsVCO—Decision Stump
B3: Predictor | C3: Expected Contribution to target | D3: p-value | E3: p -value aligned to expectations? | F3: Normalized Feature Importance Metric (NFIM) | G3: NFIM Aligned to expectations? | H3: EDA alignment and NFIM alignment agree?
B4: UV-Vis Absorbance at 278 nm | C4: Major | D4: 2.751181e-39 | E4: =IF($C4 = "Major", IF($D4 < 0.001, "Yes", "No"), IF($D4 >= 0.001, "Yes", "No")) -> Yes | F4: 1 | G4: =IF($C4="Major", IF($F4 > 0.15, "Yes", "No"), IF($F4 <= 0.15, "Yes", "No")) -> Yes | H4: =IF(E4 = G4, "Yes", "No") -> Yes
B5: Diglyceride signal ratio | C5: Major | D5: 6.667e-08 | E5: =IF($C5 = "Major", IF($D5 < 0.001, "Yes", "No"), IF($D5 >= 0.001, "Yes", "No")) -> Yes | F5: 0 | G5: =IF($C5="Major", IF($F5 > 0.15, "Yes", "No"), IF($F5 <= 0.15, "Yes", "No")) -> No | H5: =IF(E5 = G5, "Yes", "No") -> No
B6: Unsaturated carbon signal ratio | C6: Minor | D6: 1.38644e-13 | E6: =IF($C6 = "Major", IF($D6 < 0.001, "Yes", "No"), IF($D6 >= 0.001, "Yes", "No")) -> No | F6: 0 | G6: =IF($C6="Major", IF($F6 > 0.15, "Yes", "No"), IF($F6 <= 0.15, "Yes", "No")) -> Yes | H6: =IF(E6 = G6, "Yes", "No") -> No
B8: Major Predictors | C8: =COUNTIF($C2:$C6,"Major") -> 2
B9: Minor Predictors | C9: =COUNTIF($C2:$C6,"Minor") -> 1
B10: Total Number of Predictors | C10: =SUM(C8:C9) -> 3
B11: Predictors having EDA aligned to expectations | C11: =COUNTIF(E4:E6, "Yes") -> 2
B12: Predictors having NFIM aligned to expectations | C12: =COUNTIF($G4:$G6, "Yes") -> 2
B13: Predictors having EDA and NFIM aligned | C13: =COUNTIF($H4:$H6, "Yes") -> 1

Sheet Case 5A summary
C2: p-value cutoff | D2: 0.05 | I2: p-value cutoff | J2: 0.05 | O2: p-value cutoff | P2: 0.05
A3: Ante-hoc aligned | B3: ='Case 5A p 0.05 NFIM 0.05'!C11 -> 2 | C3: NFIM cutoff | D3: 0.05 | G3: Ante-hoc aligned | H3: ='Case 5A p 0.05 NFIM 0.10'!C11 -> 2 | I3: NFIM cutoff | J3: 0.1 | M3: Ante-hoc aligned | N3: ='Case 5A p 0.05 NFIM 0.15'!C11 -> 2 | O3: NFIM cutoff | P3: 0.15
A4: Post-hoc aligned | B4: ='Case 5A p 0.05 NFIM 0.05'!C12 -> 2 | G4: Post-hoc aligned | H4: ='Case 5A p 0.05 NFIM 0.10'!C12 -> 2 | M4: Post-hoc aligned | N4: ='Case 5A p 0.05 NFIM 0.15'!C12 -> 2
A5: EDA-FIM aligned | B5: ='Case 5A p 0.05 NFIM 0.05'!C13 -> 1 | G5: EDA-FIM aligned | H5: ='Case 5A p 0.05 NFIM 0.10'!C13 -> 1 | M5: EDA-FIM aligned | N5: ='Case 5A p 0.05 NFIM 0.15'!C13 -> 1
A6: Total number of predictors | B6: 3 | G6: Total number of predictors | H6: 3 | M6: Total number of predictors | N6: 3
A8: Score | B8: Points | C8: Max. Possible points | D8: Percentage | G8: Score | H8: Points | I8: Max. Possible points | J8: Percentage | M8: Score | N8: Points | O8: Max. Possible points | P8: Percentage
A9: Ante-hoc Alignment | B9: =B3 -> 2 | C9: =B6 -> 3 | G9: Ante-hoc Alignment | H9: =H3 -> 2 | I9: =H6 -> 3 | M9: Ante-hoc Alignment | N9: =N3 -> 2 | O9: =N6 -> 3
A10: Post-hoc Alignment | B10: =B4 -> 2 | C10: =B6 -> 3 | G10: Post-hoc Alignment | H10: =H4 -> 2 | I10: =H6 -> 3 | M10: Post-hoc Alignment | N10: =N4 -> 2 | O10: =N6 -> 3
A11: EDA-FIM alignment | B11: =ROUND((0.5*(LOG10(B5/B6)+1)*B6)*10,0)/10 -> 0.8 | C11: =B6*0.5 -> 1.5 | G11: EDA-FIM alignment | H11: =ROUND((0.5*(LOG10(H5/H6)+1)*H6)*10,0)/10 -> 0.8 | I11: =H6*0.5 -> 1.5 | M11: EDA-FIM alignment | N11: =ROUND((0.5*(LOG10(N5/N6)+1)*N6)*10,0)/10 -> 0.8 | O11: =N6*0.5 -> 1.5
A12: Total | B12: =ROUND(SUM(B9:B11)*10,0)/10 -> 4.8 | C12: =SUM(C9:C11) -> 7.5 | D12: =100*B12/C12 -> 64 | G12: Total | H12: =ROUND(SUM(H9:H11)*10,0)/10 -> 4.8 | I12: =SUM(I9:I11) -> 7.5 | J12: =100*H12/I12 -> 64 | M12: Total | N12: =ROUND(SUM(N9:N11)*10,0)/10 -> 4.8 | O12: =SUM(O9:O11) -> 7.5 | P12: =100*N12/O12 -> 64
A15: Case 1 | C15: p-value cutoff | D15: 0.01 | G15: Case 1 | I15: p-value cutoff | J15: 0.01 | M15: Case 1 | O15: p-value cutoff | P15: 0.01
A16: Ante-hoc aligned | B16: ='Case 5A p 0.01 NFIM 0.05'!C11 -> 2 | C16: NFIM cutoff | D16: 0.05 | G16: Ante-hoc aligned | H16: ='Case 5A p 0.01 NFIM 0.10'!C11 -> 2 | I16: NFIM cutoff | J16: 0.1 | M16: Ante-hoc aligned | N16: ='Case 5A p 0.01 NFIM 0.15'!C11 -> 2 | O16: NFIM cutoff | P16: 0.15
A17: Post-hoc aligned | B17: ='Case 5A p 0.01 NFIM 0.05'!C12 -> 2 | G17: Post-hoc aligned | H17: ='Case 5A p 0.01 NFIM 0.10'!C12 -> 2 | M17: Post-hoc aligned | N17: ='Case 5A p 0.01 NFIM 0.15'!C12 -> 2
A18: EDA-FIM aligned | B18: ='Case 5A p 0.01 NFIM 0.05'!C13 -> 1 | G18: EDA-FIM aligned | H18: ='Case 5A p 0.01 NFIM 0.10'!C13 -> 1 | M18: EDA-FIM aligned | N18: ='Case 5A p 0.01 NFIM 0.15'!C13 -> 1
A19: Total number of predictors | B19: 3 | G19: Total number of predictors | H19: 3 | M19: Total number of predictors | N19: ='Case 5A p 0.01 NFIM 0.15'!C10 -> 3
A21: Score | B21: Points | C21: Max. Possible points | D21: Percentage | G21: Score | H21: Points | I21: Max. Possible points | J21: Percentage | M21: Score | N21: Points | O21: Max. Possible points | P21: Percentage
A22: Ante-hoc Alignment | B22: =B16 -> 2 | C22: =B19 -> 3 | G22: Ante-hoc Alignment | H22: =H16 -> 2 | I22: =H19 -> 3 | M22: Ante-hoc Alignment | N22: =N16 -> 2 | O22: =N19 -> 3
A23: Post-hoc Alignment | B23: =B17 -> 2 | C23: =B19 -> 3 | G23: Post-hoc Alignment | H23: =H17 -> 2 | I23: =H19 -> 3 | M23: Post-hoc Alignment | N23: =N17 -> 2 | O23: =N19 -> 3
A24: EDA-FIM alignment | B24: =ROUND((0.5*(LOG10(B18/B19)+1)*B19)*10,0)/10 -> 0.8 | C24: =B19*0.5 -> 1.5 | G24: EDA-FIM alignment | H24: =ROUND((0.5*(LOG10(H18/H19)+1)*H19)*10,0)/10 -> 0.8 | I24: =H19*0.5 -> 1.5 | M24: EDA-FIM alignment | N24: =ROUND((0.5*(LOG10(N18/N19)+1)*N19)*10,0)/10 -> 0.8 | O24: =N19*0.5 -> 1.5
A25: Total | B25: =ROUND(SUM(B22:B24)*10,0)/10 -> 4.8 | C25: =SUM(C22:C24) -> 7.5 | D25: =100*B25/C25 -> 64 | G25: Total | H25: =ROUND(SUM(H22:H24)*10,0)/10 -> 4.8 | I25: =SUM(I22:I24) -> 7.5 | J25: =100*H25/I25 -> 64 | M25: Total | N25: =ROUND(SUM(N22:N24)*10,0)/10 -> 4.8 | O25: =SUM(O22:O24) -> 7.5 | P25: =100*N25/O25 -> 64
A28: Case 1 | C28: p-value cutoff | D28: 0.001 | G28: Case 1 | I28: p-value cutoff | J28: 0.001 | M28: Case 1 | O28: p-value cutoff | P28: 0.001
A29: Ante-hoc aligned | B29: ='Case 5A p 0.001 NFIM 0.05'!C11 -> 2 | C29: NFIM cutoff | D29: 0.05 | G29: Ante-hoc aligned | H29: ='Case 5A p 0.001 NFIM 0.10'!C11 -> 2 | I29: NFIM cutoff | J29: 0.1 | M29: Ante-hoc aligned | N29: ='Case 5A p 0.01 NFIM 0.15'!C11 -> 2 | O29: NFIM cutoff | P29: 0.15
A30: Post-hoc aligned | B30: ='Case 5A p 0.001 NFIM 0.05'!C12 -> 2 | G30: Post-hoc aligned | H30: ='Case 5A p 0.001 NFIM 0.10'!C12 -> 2 | M30: Post-hoc aligned | N30: ='Case 5A p 0.01 NFIM 0.15'!C12 -> 2
A31: EDA-FIM aligned | B31: ='Case 5A p 0.001 NFIM 0.05'!C13 -> 1 | G31: EDA-FIM aligned | H31: ='Case 5A p 0.001 NFIM 0.10'!C13 -> 1 | M31: EDA-FIM aligned | N31: ='Case 5A p 0.01 NFIM 0.15'!C13 -> 1
A32: Total number of predictors | B32: 3 | G32: Total number of predictors | H32: 3 | M32: Total number of predictors | N32: 3
A34: Score | B34: Points | C34: Max. Possible points | D34: Percentage | G34: Score | H34: Points | I34: Max. Possible points | J34: Percentage | M34: Score | N34: Points | O34: Max. Possible points | P34: Percentage
A35: Ante-hoc Alignment | B35: =B29 -> 2 | C35: =B32 -> 3 | G35: Ante-hoc Alignment | H35: =H29 -> 2 | I35: =H32 -> 3 | M35: Ante-hoc Alignment | N35: =N29 -> 2 | O35: =N32 -> 3
A36: Post-hoc Alignment | B36: =B30 -> 2 | C36: =B32 -> 3 | G36: Post-hoc Alignment | H36: =H30 -> 2 | I36: =H32 -> 3 | M36: Post-hoc Alignment | N36: =N30 -> 2 | O36: =N32 -> 3
A37: EDA-FIM alignment | B37: =ROUND((0.5*(LOG10(B31/B32)+1)*B32)*10,0)/10 -> 0.8 | C37: =B32*0.5 -> 1.5 | G37: EDA-FIM alignment | H37: =ROUND((0.5*(LOG10(H31/H32)+1)*H32)*10,0)/10 -> 0.8 | I37: =H32*0.5 -> 1.5 | M37: EDA-FIM alignment | N37: =ROUND((0.5*(LOG10(N31/N32)+1)*N32)*10,0)/10 -> 0.8 | O37: =N32*0.5 -> 1.5
A38: Total | B38: =ROUND(SUM(B35:B37)*10,0)/10 -> 4.8 | C38: =SUM(C35:C37) -> 7.5 | D38: =100*B38/C38 -> 64 | G38: Total | H38: =ROUND(SUM(H35:H37)*10,0)/10 -> 4.8 | I38: =SUM(I35:I37) -> 7.5 | J38: =100*H38/I38 -> 64 | M38: Total | N38: =ROUND(SUM(N35:N37)*10,0)/10 -> 4.8 | O38: =SUM(O35:O37) -> 7.5 | P38: =100*N38/O38 -> 64
