Workbook

Sheet Case 6 p 0.05 NFIM 0.05
B2: Explosives
B3: Predictor | C3: Expected Contribution to target | D3: p-value | E3: p aligned to expectations? | F3: Normalized Feature Importance Metric (NFIM) | G3: NFIM Aligned to expectations? | H3: EDA alignment and NFIM alignment agree?
B4: KMF | C4: Major | D4: 0.00044766 | E4: =IF($C4 = "Major", IF($D4 < 0.05, "Yes", "No"), IF($D4 >= 0.05, "Yes", "No")) -> Yes | F4: 0.093984605 | G4: =IF($C4="Major", IF($F4 > 0.05, "Yes", "No"), IF($F4 <= 0.05, "Yes", "No")) -> Yes | H4: =IF(OR( (AND(D4 < 0.05, F4 > 0.1)), (AND(D4 >= 0.05, F4 <= 0.1))), "Yes", "No") -> No
B5: Class I TBs | C5: Major | D5: 0.00012039 | E5: =IF($C5 = "Major", IF($D5 < 0.05, "Yes", "No"), IF($D5 >= 0.05, "Yes", "No")) -> Yes | F5: 0.039094126 | G5: =IF($C5="Major", IF($F5 > 0.05, "Yes", "No"), IF($F5 <= 0.05, "Yes", "No")) -> No | H5: =IF(OR( (AND(D5 < 0.05, F5 > 0.1)), (AND(D5 >= 0.05, F5 <= 0.1))), "Yes", "No") -> No
B6: Class II TBs | C6: Major | D6: 0.0094777 | E6: =IF($C6 = "Major", IF($D6 < 0.05, "Yes", "No"), IF($D6 >= 0.05, "Yes", "No")) -> Yes | F6: 0.03915714 | G6: =IF($C6="Major", IF($F6 > 0.05, "Yes", "No"), IF($F6 <= 0.05, "Yes", "No")) -> No | H6: =IF(OR( (AND(D6 < 0.05, F6 > 0.1)), (AND(D6 >= 0.05, F6 <= 0.1))), "Yes", "No") -> No
B7: Number of N3 | C7: Major | D7: 6.8496e-07 | E7: =IF($C7 = "Major", IF($D7 < 0.05, "Yes", "No"), IF($D7 >= 0.05, "Yes", "No")) -> Yes | F7: 0.051802959 | G7: =IF($C7="Major", IF($F7 > 0.05, "Yes", "No"), IF($F7 <= 0.05, "Yes", "No")) -> Yes | H7: =IF(OR( (AND(D7 < 0.05, F7 > 0.1)), (AND(D7 >= 0.05, F7 <= 0.1))), "Yes", "No") -> No
B8: Number of N | C8: Minor | D8: 0.065124 | E8: =IF($C8 = "Major", IF($D8 < 0.05, "Yes", "No"), IF($D8 >= 0.05, "Yes", "No")) -> Yes | F8: 0.055230701 | G8: =IF($C8="Major", IF($F8 > 0.05, "Yes", "No"), IF($F8 <= 0.05, "Yes", "No")) -> No | H8: =IF(OR( (AND(D8 < 0.05, F8 > 0.1)), (AND(D8 >= 0.05, F8 <= 0.1))), "Yes", "No") -> Yes
B9: Number of C | C9: Minor | D9: 0.00080958 | E9: =IF($C9 = "Major", IF($D9 < 0.05, "Yes", "No"), IF($D9 >= 0.05, "Yes", "No")) -> No | F9: 0.083826427 | G9: =IF($C9="Major", IF($F9 > 0.05, "Yes", "No"), IF($F9 <= 0.05, "Yes", "No")) -> No | H9: =IF(OR( (AND(D9 < 0.05, F9 > 0.1)), (AND(D9 >= 0.05, F9 <= 0.1))), "Yes", "No") -> No
B10: H Bond Ratio | C10: Major | D10: 1.5845e-07 | E10: =IF($C10 = "Major", IF($D10 < 0.05, "Yes", "No"), IF($D10 >= 0.05, "Yes", "No")) -> Yes | F10: 0.082912543 | G10: =IF($C10="Major", IF($F10 > 0.05, "Yes", "No"), IF($F10 <= 0.05, "Yes", "No")) -> Yes | H10: =IF(OR( (AND(D10 < 0.05, F10 > 0.1)), (AND(D10 >= 0.05, F10 <= 0.1))), "Yes", "No") -> No
B11: Oxygen Balance | C11: Major | D11: 1.9613e-24 | E11: =IF($C11 = "Major", IF($D11 < 0.05, "Yes", "No"), IF($D11 >= 0.05, "Yes", "No")) -> Yes | F11: 0.24175624 | G11: =IF($C11="Major", IF($F11 > 0.05, "Yes", "No"), IF($F11 <= 0.05, "Yes", "No")) -> Yes | H11: =IF(OR( (AND(D11 < 0.05, F11 > 0.1)), (AND(D11 >= 0.05, F11 <= 0.1))), "Yes", "No") -> Yes
B12: NO2 adj to NO2 | C12: Minor | D12: 0.91956 | E12: =IF($C12 = "Major", IF($D12 < 0.05, "Yes", "No"), IF($D12 >= 0.05, "Yes", "No")) -> Yes | F12: 0.010286512 | G12: =IF($C12="Major", IF($F12 > 0.05, "Yes", "No"), IF($F12 <= 0.05, "Yes", "No")) -> Yes | H12: =IF(OR( (AND(D12 < 0.05, F12 > 0.1)), (AND(D12 >= 0.05, F12 <= 0.1))), "Yes", "No") -> Yes
B13: NO2 adj to NH2 | C13: Major | D13: 3.1108e-05 | E13: =IF($C13 = "Major", IF($D13 < 0.05, "Yes", "No"), IF($D13 >= 0.05, "Yes", "No")) -> Yes | F13: 0.014729697 | G13: =IF($C13="Major", IF($F13 > 0.05, "Yes", "No"), IF($F13 <= 0.05, "Yes", "No")) -> No | H13: =IF(OR( (AND(D13 < 0.05, F13 > 0.1)), (AND(D13 >= 0.05, F13 <= 0.1))), "Yes", "No") -> No
B14: NO2 adj to CO | C14: Minor | D14: 0.42743 | E14: =IF($C14 = "Major", IF($D14 < 0.05, "Yes", "No"), IF($D14 >= 0.05, "Yes", "No")) -> Yes | F14: 0.0058362673 | G14: =IF($C14="Major", IF($F14 > 0.05, "Yes", "No"), IF($F14 <= 0.05, "Yes", "No")) -> Yes | H14: =IF(OR( (AND(D14 < 0.05, F14 > 0.1)), (AND(D14 >= 0.05, F14 <= 0.1))), "Yes", "No") -> Yes
B15: NO2 adj to CH3 | C15: Minor | D15: 0.21348 | E15: =IF($C15 = "Major", IF($D15 < 0.05, "Yes", "No"), IF($D15 >= 0.05, "Yes", "No")) -> Yes | F15: 0.0029031861 | G15: =IF($C15="Major", IF($F15 > 0.05, "Yes", "No"), IF($F15 <= 0.05, "Yes", "No")) -> Yes | H15: =IF(OR( (AND(D15 < 0.05, F15 > 0.1)), (AND(D15 >= 0.05, F15 <= 0.1))), "Yes", "No") -> Yes
... B22: TPSA | C22: Minor | D22: 8.3077e-05 | E22: =IF($C22 = "Major", IF($D22 < 0.05, "Yes", "No"), IF($D22 >= 0.05, "Yes", "No")) -> No | F22: 0.077235776 | G22: =IF($C22="Major", IF($F22 > 0.05, "Yes", "No"), IF($F22 <= 0.05, "Yes", "No")) -> No | H22: =IF(OR( (AND(D22 < 0.05, F22 > 0.1)), (AND(D22 >= 0.05, F22 <= 0.1))), "Yes", "No") -> No
B25: Major Predictors | C25: =COUNTIF($C4:$C22,"Major") -> 10
B26: Minor Predictors | C26: =COUNTIF($C4:$C22,"Minor") -> 9
B27: Total Number of Predictors | C27: =SUM(C25:C26) -> 19
B28: Predictors having EDA aligned to expectations | C28: =COUNTIF(E4:E22, "Yes") -> 17
B29: Predictors having NFIM aligned to expectations | C29: =COUNTIF(G4:G22, "Yes") -> 10
B30: Predictors having EDA and NFIM aligned | C30: =COUNTIF(H4:H22, "Yes") -> 8

Sheet Case 6 p 0.05 NFIM 0.10
B2: Explosives
B3: Predictor | C3: Expected Contribution to target | D3: p-value | E3: p aligned to expectations? | F3: Normalized Feature Importance Metric (NFIM) | G3: NFIM Aligned to expectations? | H3: EDA alignment and NFIM alignment agree?
B4: KMF | C4: Major | D4: 0.00044766 | E4: =IF($C4 = "Major", IF($D4 < 0.05, "Yes", "No"), IF($D4 >= 0.05, "Yes", "No")) -> Yes | F4: 0.093984605 | G4: =IF($C4="Major", IF($F4 > 0.1, "Yes", "No"), IF($F4 <= 0.1, "Yes", "No")) -> No | H4: =IF(OR( (AND(D4 < 0.05, F4 > 0.1)), (AND(D4 >= 0.05, F4 <= 0.1))), "Yes", "No") -> No
B5: Class I TBs | C5: Major | D5: 0.00012039 | E5: =IF($C5 = "Major", IF($D5 < 0.05, "Yes", "No"), IF($D5 >= 0.05, "Yes", "No")) -> Yes | F5: 0.039094126 | G5: =IF($C5="Major", IF($F5 > 0.1, "Yes", "No"), IF($F5 <= 0.1, "Yes", "No")) -> No | H5: =IF(OR( (AND(D5 < 0.05, F5 > 0.1)), (AND(D5 >= 0.05, F5 <= 0.1))), "Yes", "No") -> No
B6: Class II TBs | C6: Major | D6: 0.0094777 | E6: =IF($C6 = "Major", IF($D6 < 0.05, "Yes", "No"), IF($D6 >= 0.05, "Yes", "No")) -> Yes | F6: 0.03915714 | G6: =IF($C6="Major", IF($F6 > 0.1, "Yes", "No"), IF($F6 <= 0.1, "Yes", "No")) -> No | H6: =IF(OR( (AND(D6 < 0.05, F6 > 0.1)), (AND(D6 >= 0.05, F6 <= 0.1))), "Yes", "No") -> No
B7: Number of N3 | C7: Major | D7: 6.8496e-07 | E7: =IF($C7 = "Major", IF($D7 < 0.05, "Yes", "No"), IF($D7 >= 0.05, "Yes", "No")) -> Yes | F7: 0.051802959 | G7: =IF($C7="Major", IF($F7 > 0.1, "Yes", "No"), IF($F7 <= 0.1, "Yes", "No")) -> No | H7: =IF(OR( (AND(D7 < 0.05, F7 > 0.1)), (AND(D7 >= 0.05, F7 <= 0.1))), "Yes", "No") -> No
B8: Number of N | C8: Minor | D8: 0.065124 | E8: =IF($C8 = "Major", IF($D8 < 0.05, "Yes", "No"), IF($D8 >= 0.05, "Yes", "No")) -> Yes | F8: 0.055230701 | G8: =IF($C8="Major", IF($F8 > 0.1, "Yes", "No"), IF($F8 <= 0.1, "Yes", "No")) -> Yes | H8: =IF(OR( (AND(D8 < 0.05, F8 > 0.1)), (AND(D8 >= 0.05, F8 <= 0.1))), "Yes", "No") -> Yes
B9: Number of C | C9: Minor | D9: 0.00080958 | E9: =IF($C9 = "Major", IF($D9 < 0.05, "Yes", "No"), IF($D9 >= 0.05, "Yes", "No")) -> No | F9: 0.083826427 | G9: =IF($C9="Major", IF($F9 > 0.1, "Yes", "No"), IF($F9 <= 0.1, "Yes", "No")) -> Yes | H9: =IF(OR( (AND(D9 < 0.05, F9 > 0.1)), (AND(D9 >= 0.05, F9 <= 0.1))), "Yes", "No") -> No
B10: H Bond Ratio | C10: Major | D10: 1.5845e-07 | E10: =IF($C10 = "Major", IF($D10 < 0.05, "Yes", "No"), IF($D10 >= 0.05, "Yes", "No")) -> Yes | F10: 0.082912543 | G10: =IF($C10="Major", IF($F10 > 0.1, "Yes", "No"), IF($F10 <= 0.1, "Yes", "No")) -> No | H10: =IF(OR( (AND(D10 < 0.05, F10 > 0.1)), (AND(D10 >= 0.05, F10 <= 0.1))), "Yes", "No") -> No
B11: Oxygen Balance | C11: Major | D11: 1.9613e-24 | E11: =IF($C11 = "Major", IF($D11 < 0.05, "Yes", "No"), IF($D11 >= 0.05, "Yes", "No")) -> Yes | F11: 0.24175624 | G11: =IF($C11="Major", IF($F11 > 0.1, "Yes", "No"), IF($F11 <= 0.1, "Yes", "No")) -> Yes | H11: =IF(OR( (AND(D11 < 0.05, F11 > 0.1)), (AND(D11 >= 0.05, F11 <= 0.1))), "Yes", "No") -> Yes
B12: NO2 adj to NO2 | C12: Minor | D12: 0.91956 | E12: =IF($C12 = "Major", IF($D12 < 0.05, "Yes", "No"), IF($D12 >= 0.05, "Yes", "No")) -> Yes | F12: 0.010286512 | G12: =IF($C12="Major", IF($F12 > 0.1, "Yes", "No"), IF($F12 <= 0.1, "Yes", "No")) -> Yes | H12: =IF(OR( (AND(D12 < 0.05, F12 > 0.1)), (AND(D12 >= 0.05, F12 <= 0.1))), "Yes", "No") -> Yes
B13: NO2 adj to NH2 | C13: Major | D13: 3.1108e-05 | E13: =IF($C13 = "Major", IF($D13 < 0.05, "Yes", "No"), IF($D13 >= 0.05, "Yes", "No")) -> Yes | F13: 0.014729697 | G13: =IF($C13="Major", IF($F13 > 0.1, "Yes", "No"), IF($F13 <= 0.1, "Yes", "No")) -> No | H13: =IF(OR( (AND(D13 < 0.05, F13 > 0.1)), (AND(D13 >= 0.05, F13 <= 0.1))), "Yes", "No") -> No
B14: NO2 adj to CO | C14: Minor | D14: 0.42743 | E14: =IF($C14 = "Major", IF($D14 < 0.05, "Yes", "No"), IF($D14 >= 0.05, "Yes", "No")) -> Yes | F14: 0.0058362673 | G14: =IF($C14="Major", IF($F14 > 0.1, "Yes", "No"), IF($F14 <= 0.1, "Yes", "No")) -> Yes | H14: =IF(OR( (AND(D14 < 0.05, F14 > 0.1)), (AND(D14 >= 0.05, F14 <= 0.1))), "Yes", "No") -> Yes
B15: NO2 adj to CH3 | C15: Minor | D15: 0.21348 | E15: =IF($C15 = "Major", IF($D15 < 0.05, "Yes", "No"), IF($D15 >= 0.05, "Yes", "No")) -> Yes | F15: 0.0029031861 | G15: =IF($C15="Major", IF($F15 > 0.1, "Yes", "No"), IF($F15 <= 0.1, "Yes", "No")) -> Yes | H15: =IF(OR( (AND(D15 < 0.05, F15 > 0.1)), (AND(D15 >= 0.05, F15 <= 0.1))), "Yes", "No") -> Yes
... B22: TPSA | C22: Minor | D22: 8.3077e-05 | E22: =IF($C22 = "Major", IF($D22 < 0.05, "Yes", "No"), IF($D22 >= 0.05, "Yes", "No")) -> No | F22: 0.077235776 | G22: =IF($C22="Major", IF($F22 > 0.1, "Yes", "No"), IF($F22 <= 0.1, "Yes", "No")) -> Yes | H22: =IF(OR( (AND(D22 < 0.05, F22 > 0.1)), (AND(D22 >= 0.05, F22 <= 0.1))), "Yes", "No") -> No
B25: Major Predictors | C25: =COUNTIF($C4:$C22,"Major") -> 10
B26: Minor Predictors | C26: =COUNTIF($C4:$C22,"Minor") -> 9
B27: Total Number of Predictors | C27: =SUM(C25:C26) -> 19
B28: Predictors having EDA aligned to expectations | C28: =COUNTIF(E4:E22, "Yes") -> 17
B29: Predictors having NFIM aligned to expectations | C29: =COUNTIF(G4:G22, "Yes") -> 10
B30: Predictors having EDA and NFIM aligned | C30: =COUNTIF(H4:H22, "Yes") -> 8

Sheet Case 6 p 0.05 NFIM 0.15
B2: Explosives
B3: Predictor | C3: Expected Contribution to target | D3: p-value | E3: p aligned to expectations? | F3: Normalized Feature Importance Metric (NFIM) | G3: NFIM Aligned to expectations? | H3: EDA alignment and NFIM alignment agree?
B4: KMF | C4: Major | D4: 0.00044766 | E4: =IF($C4 = "Major", IF($D4 < 0.05, "Yes", "No"), IF($D4 >= 0.05, "Yes", "No")) -> Yes | F4: 0.093984605 | G4: =IF($C4="Major", IF($F4 > 0.15, "Yes", "No"), IF($F4 <= 0.15, "Yes", "No")) -> No | H4: =IF(OR( (AND(D4 < 0.05, F4 > 0.1)), (AND(D4 >= 0.05, F4 <= 0.1))), "Yes", "No") -> No
B5: Class I TBs | C5: Major | D5: 0.00012039 | E5: =IF($C5 = "Major", IF($D5 < 0.05, "Yes", "No"), IF($D5 >= 0.05, "Yes", "No")) -> Yes | F5: 0.039094126 | G5: =IF($C5="Major", IF($F5 > 0.15, "Yes", "No"), IF($F5 <= 0.15, "Yes", "No")) -> No | H5: =IF(OR( (AND(D5 < 0.05, F5 > 0.1)), (AND(D5 >= 0.05, F5 <= 0.1))), "Yes", "No") -> No
B6: Class II TBs | C6: Major | D6: 0.0094777 | E6: =IF($C6 = "Major", IF($D6 < 0.05, "Yes", "No"), IF($D6 >= 0.05, "Yes", "No")) -> Yes | F6: 0.03915714 | G6: =IF($C6="Major", IF($F6 > 0.15, "Yes", "No"), IF($F6 <= 0.15, "Yes", "No")) -> No | H6: =IF(OR( (AND(D6 < 0.05, F6 > 0.1)), (AND(D6 >= 0.05, F6 <= 0.1))), "Yes", "No") -> No
B7: Number of N3 | C7: Major | D7: 6.8496e-07 | E7: =IF($C7 = "Major", IF($D7 < 0.05, "Yes", "No"), IF($D7 >= 0.05, "Yes", "No")) -> Yes | F7: 0.051802959 | G7: =IF($C7="Major", IF($F7 > 0.15, "Yes", "No"), IF($F7 <= 0.15, "Yes", "No")) -> No | H7: =IF(OR( (AND(D7 < 0.05, F7 > 0.1)), (AND(D7 >= 0.05, F7 <= 0.1))), "Yes", "No") -> No
B8: Number of N | C8: Minor | D8: 0.065124 | E8: =IF($C8 = "Major", IF($D8 < 0.05, "Yes", "No"), IF($D8 >= 0.05, "Yes", "No")) -> Yes | F8: 0.055230701 | G8: =IF($C8="Major", IF($F8 > 0.15, "Yes", "No"), IF($F8 <= 0.15, "Yes", "No")) -> Yes | H8: =IF(OR( (AND(D8 < 0.05, F8 > 0.1)), (AND(D8 >= 0.05, F8 <= 0.1))), "Yes", "No") -> Yes
B9: Number of C | C9: Minor | D9: 0.00080958 | E9: =IF($C9 = "Major", IF($D9 < 0.05, "Yes", "No"), IF($D9 >= 0.05, "Yes", "No")) -> No | F9: 0.083826427 | G9: =IF($C9="Major", IF($F9 > 0.15, "Yes", "No"), IF($F9 <= 0.15, "Yes", "No")) -> Yes | H9: =IF(OR( (AND(D9 < 0.05, F9 > 0.1)), (AND(D9 >= 0.05, F9 <= 0.1))), "Yes", "No") -> No
B10: H Bond Ratio | C10: Major | D10: 1.5845e-07 | E10: =IF($C10 = "Major", IF($D10 < 0.05, "Yes", "No"), IF($D10 >= 0.05, "Yes", "No")) -> Yes | F10: 0.082912543 | G10: =IF($C10="Major", IF($F10 > 0.15, "Yes", "No"), IF($F10 <= 0.15, "Yes", "No")) -> No | H10: =IF(OR( (AND(D10 < 0.05, F10 > 0.1)), (AND(D10 >= 0.05, F10 <= 0.1))), "Yes", "No") -> No
B11: Oxygen Balance | C11: Major | D11: 1.9613e-24 | E11: =IF($C11 = "Major", IF($D11 < 0.05, "Yes", "No"), IF($D11 >= 0.05, "Yes", "No")) -> Yes | F11: 0.24175624 | G11: =IF($C11="Major", IF($F11 > 0.15, "Yes", "No"), IF($F11 <= 0.15, "Yes", "No")) -> Yes | H11: =IF(OR( (AND(D11 < 0.05, F11 > 0.1)), (AND(D11 >= 0.05, F11 <= 0.1))), "Yes", "No") -> Yes
B12: NO2 adj to NO2 | C12: Minor | D12: 0.91956 | E12: =IF($C12 = "Major", IF($D12 < 0.05, "Yes", "No"), IF($D12 >= 0.05, "Yes", "No")) -> Yes | F12: 0.010286512 | G12: =IF($C12="Major", IF($F12 > 0.15, "Yes", "No"), IF($F12 <= 0.15, "Yes", "No")) -> Yes | H12: =IF(OR( (AND(D12 < 0.05, F12 > 0.1)), (AND(D12 >= 0.05, F12 <= 0.1))), "Yes", "No") -> Yes
B13: NO2 adj to NH2 | C13: Major | D13: 3.1108e-05 | E13: =IF($C13 = "Major", IF($D13 < 0.05, "Yes", "No"), IF($D13 >= 0.05, "Yes", "No")) -> Yes | F13: 0.014729697 | G13: =IF($C13="Major", IF($F13 > 0.15, "Yes", "No"), IF($F13 <= 0.15, "Yes", "No")) -> No | H13: =IF(OR( (AND(D13 < 0.05, F13 > 0.1)), (AND(D13 >= 0.05, F13 <= 0.1))), "Yes", "No") -> No
B14: NO2 adj to CO | C14: Minor | D14: 0.42743 | E14: =IF($C14 = "Major", IF($D14 < 0.05, "Yes", "No"), IF($D14 >= 0.05, "Yes", "No")) -> Yes | F14: 0.0058362673 | G14: =IF($C14="Major", IF($F14 > 0.15, "Yes", "No"), IF($F14 <= 0.15, "Yes", "No")) -> Yes | H14: =IF(OR( (AND(D14 < 0.05, F14 > 0.1)), (AND(D14 >= 0.05, F14 <= 0.1))), "Yes", "No") -> Yes
B15: NO2 adj to CH3 | C15: Minor | D15: 0.21348 | E15: =IF($C15 = "Major", IF($D15 < 0.05, "Yes", "No"), IF($D15 >= 0.05, "Yes", "No")) -> Yes | F15: 0.0029031861 | G15: =IF($C15="Major", IF($F15 > 0.15, "Yes", "No"), IF($F15 <= 0.15, "Yes", "No")) -> Yes | H15: =IF(OR( (AND(D15 < 0.05, F15 > 0.1)), (AND(D15 >= 0.05, F15 <= 0.1))), "Yes", "No") -> Yes
... B22: TPSA | C22: Minor | D22: 8.3077e-05 | E22: =IF($C22 = "Major", IF($D22 < 0.05, "Yes", "No"), IF($D22 >= 0.05, "Yes", "No")) -> No | F22: 0.077235776 | G22: =IF($C22="Major", IF($F22 > 0.15, "Yes", "No"), IF($F22 <= 0.15, "Yes", "No")) -> Yes | H22: =IF(OR( (AND(D22 < 0.05, F22 > 0.1)), (AND(D22 >= 0.05, F22 <= 0.1))), "Yes", "No") -> No
B25: Major Predictors | C25: =COUNTIF($C4:$C22,"Major") -> 10
B26: Minor Predictors | C26: =COUNTIF($C4:$C22,"Minor") -> 9
B27: Total Number of Predictors | C27: =SUM(C25:C26) -> 19
B28: Predictors having EDA aligned to expectations | C28: =COUNTIF(E4:E22, "Yes") -> 17
B29: Predictors having NFIM aligned to expectations | C29: =COUNTIF(G4:G22, "Yes") -> 10
B30: Predictors having EDA and NFIM aligned | C30: =COUNTIF(H4:H22, "Yes") -> 8

Sheet Case 6 p 0.01 NFIM 0.05
B2: Explosives
B3: Predictor | C3: Expected Contribution to target | D3: p-value | E3: p aligned to expectations? | F3: Normalized Feature Importance Metric (NFIM) | G3: NFIM Aligned to expectations? | H3: EDA alignment and NFIM alignment agree?
B4: KMF | C4: Major | D4: 0.00044766 | E4: =IF($C4 = "Major", IF($D4 < 0.01, "Yes", "No"), IF($D4 >= 0.01, "Yes", "No")) -> Yes | F4: 0.093984605 | G4: =IF($C4="Major", IF($F4 > 0.05, "Yes", "No"), IF($F4 <= 0.05, "Yes", "No")) -> Yes | H4: =IF(OR( (AND(D4 < 0.05, F4 > 0.1)), (AND(D4 >= 0.05, F4 <= 0.1))), "Yes", "No") -> No
B5: Class I TBs | C5: Major | D5: 0.00012039 | E5: =IF($C5 = "Major", IF($D5 < 0.01, "Yes", "No"), IF($D5 >= 0.01, "Yes", "No")) -> Yes | F5: 0.039094126 | G5: =IF($C5="Major", IF($F5 > 0.05, "Yes", "No"), IF($F5 <= 0.05, "Yes", "No")) -> No | H5: =IF(OR( (AND(D5 < 0.05, F5 > 0.1)), (AND(D5 >= 0.05, F5 <= 0.1))), "Yes", "No") -> No
B6: Class II TBs | C6: Major | D6: 0.0094777 | E6: =IF($C6 = "Major", IF($D6 < 0.01, "Yes", "No"), IF($D6 >= 0.01, "Yes", "No")) -> Yes | F6: 0.03915714 | G6: =IF($C6="Major", IF($F6 > 0.05, "Yes", "No"), IF($F6 <= 0.05, "Yes", "No")) -> No | H6: =IF(OR( (AND(D6 < 0.05, F6 > 0.1)), (AND(D6 >= 0.05, F6 <= 0.1))), "Yes", "No") -> No
B7: Number of N3 | C7: Major | D7: 6.8496e-07 | E7: =IF($C7 = "Major", IF($D7 < 0.01, "Yes", "No"), IF($D7 >= 0.01, "Yes", "No")) -> Yes | F7: 0.051802959 | G7: =IF($C7="Major", IF($F7 > 0.05, "Yes", "No"), IF($F7 <= 0.05, "Yes", "No")) -> Yes | H7: =IF(OR( (AND(D7 < 0.05, F7 > 0.1)), (AND(D7 >= 0.05, F7 <= 0.1))), "Yes", "No") -> No
B8: Number of N | C8: Minor | D8: 0.065124 | E8: =IF($C8 = "Major", IF($D8 < 0.01, "Yes", "No"), IF($D8 >= 0.01, "Yes", "No")) -> Yes | F8: 0.055230701 | G8: =IF($C8="Major", IF($F8 > 0.05, "Yes", "No"), IF($F8 <= 0.05, "Yes", "No")) -> No | H8: =IF(OR( (AND(D8 < 0.05, F8 > 0.1)), (AND(D8 >= 0.05, F8 <= 0.1))), "Yes", "No") -> Yes
B9: Number of C | C9: Minor | D9: 0.00080958 | E9: =IF($C9 = "Major", IF($D9 < 0.01, "Yes", "No"), IF($D9 >= 0.01, "Yes", "No")) -> No | F9: 0.083826427 | G9: =IF($C9="Major", IF($F9 > 0.05, "Yes", "No"), IF($F9 <= 0.05, "Yes", "No")) -> No | H9: =IF(OR( (AND(D9 < 0.05, F9 > 0.1)), (AND(D9 >= 0.05, F9 <= 0.1))), "Yes", "No") -> No
B10: H Bond Ratio | C10: Major | D10: 1.5845e-07 | E10: =IF($C10 = "Major", IF($D10 < 0.01, "Yes", "No"), IF($D10 >= 0.01, "Yes", "No")) -> Yes | F10: 0.082912543 | G10: =IF($C10="Major", IF($F10 > 0.05, "Yes", "No"), IF($F10 <= 0.05, "Yes", "No")) -> Yes | H10: =IF(OR( (AND(D10 < 0.05, F10 > 0.1)), (AND(D10 >= 0.05, F10 <= 0.1))), "Yes", "No") -> No
B11: Oxygen Balance | C11: Major | D11: 1.9613e-24 | E11: =IF($C11 = "Major", IF($D11 < 0.01, "Yes", "No"), IF($D11 >= 0.01, "Yes", "No")) -> Yes | F11: 0.24175624 | G11: =IF($C11="Major", IF($F11 > 0.05, "Yes", "No"), IF($F11 <= 0.05, "Yes", "No")) -> Yes | H11: =IF(OR( (AND(D11 < 0.05, F11 > 0.1)), (AND(D11 >= 0.05, F11 <= 0.1))), "Yes", "No") -> Yes
B12: NO2 adj to NO2 | C12: Minor | D12: 0.91956 | E12: =IF($C12 = "Major", IF($D12 < 0.01, "Yes", "No"), IF($D12 >= 0.01, "Yes", "No")) -> Yes | F12: 0.010286512 | G12: =IF($C12="Major", IF($F12 > 0.05, "Yes", "No"), IF($F12 <= 0.05, "Yes", "No")) -> Yes | H12: =IF(OR( (AND(D12 < 0.05, F12 > 0.1)), (AND(D12 >= 0.05, F12 <= 0.1))), "Yes", "No") -> Yes
B13: NO2 adj to NH2 | C13: Major | D13: 3.1108e-05 | E13: =IF($C13 = "Major", IF($D13 < 0.01, "Yes", "No"), IF($D13 >= 0.01, "Yes", "No")) -> Yes | F13: 0.014729697 | G13: =IF($C13="Major", IF($F13 > 0.05, "Yes", "No"), IF($F13 <= 0.05, "Yes", "No")) -> No | H13: =IF(OR( (AND(D13 < 0.05, F13 > 0.1)), (AND(D13 >= 0.05, F13 <= 0.1))), "Yes", "No") -> No
B14: NO2 adj to CO | C14: Minor | D14: 0.42743 | E14: =IF($C14 = "Major", IF($D14 < 0.01, "Yes", "No"), IF($D14 >= 0.01, "Yes", "No")) -> Yes | F14: 0.0058362673 | G14: =IF($C14="Major", IF($F14 > 0.05, "Yes", "No"), IF($F14 <= 0.05, "Yes", "No")) -> Yes | H14: =IF(OR( (AND(D14 < 0.05, F14 > 0.1)), (AND(D14 >= 0.05, F14 <= 0.1))), "Yes", "No") -> Yes
B15: NO2 adj to CH3 | C15: Minor | D15: 0.21348 | E15: =IF($C15 = "Major", IF($D15 < 0.01, "Yes", "No"), IF($D15 >= 0.01, "Yes", "No")) -> Yes | F15: 0.0029031861 | G15: =IF($C15="Major", IF($F15 > 0.05, "Yes", "No"), IF($F15 <= 0.05, "Yes", "No")) -> Yes | H15: =IF(OR( (AND(D15 < 0.05, F15 > 0.1)), (AND(D15 >= 0.05, F15 <= 0.1))), "Yes", "No") -> Yes
... B22: TPSA | C22: Minor | D22: 8.3077e-05 | E22: =IF($C22 = "Major", IF($D22 < 0.01, "Yes", "No"), IF($D22 >= 0.01, "Yes", "No")) -> No | F22: 0.077235776 | G22: =IF($C22="Major", IF($F22 > 0.05, "Yes", "No"), IF($F22 <= 0.05, "Yes", "No")) -> No | H22: =IF(OR( (AND(D22 < 0.05, F22 > 0.1)), (AND(D22 >= 0.05, F22 <= 0.1))), "Yes", "No") -> No
B25: Major Predictors | C25: =COUNTIF($C4:$C22,"Major") -> 10
B26: Minor Predictors | C26: =COUNTIF($C4:$C22,"Minor") -> 9
B27: Total Number of Predictors | C27: =SUM(C25:C26) -> 19
B28: Predictors having EDA aligned to expectations | C28: =COUNTIF(E4:E22, "Yes") -> 16
B29: Predictors having NFIM aligned to expectations | C29: =COUNTIF(G4:G22, "Yes") -> 10
B30: Predictors having EDA and NFIM aligned | C30: =COUNTIF(H4:H22, "Yes") -> 8

Sheet Case 6 p 0.01 NFIM 0.10
B2: Explosives
B3: Predictor | C3: Expected Contribution to target | D3: p-value | E3: p aligned to expectations? | F3: Normalized Feature Importance Metric (NFIM) | G3: NFIM Aligned to expectations? | H3: EDA alignment and NFIM alignment agree?
B4: KMF | C4: Major | D4: 0.00044766 | E4: =IF($C4 = "Major", IF($D4 < 0.01, "Yes", "No"), IF($D4 >= 0.01, "Yes", "No")) -> Yes | F4: 0.093984605 | G4: =IF($C4="Major", IF($F4 > 0.1, "Yes", "No"), IF($F4 <= 0.1, "Yes", "No")) -> No | H4: =IF(OR( (AND(D4 < 0.05, F4 > 0.1)), (AND(D4 >= 0.05, F4 <= 0.1))), "Yes", "No") -> No
B5: Class I TBs | C5: Major | D5: 0.00012039 | E5: =IF($C5 = "Major", IF($D5 < 0.01, "Yes", "No"), IF($D5 >= 0.01, "Yes", "No")) -> Yes | F5: 0.039094126 | G5: =IF($C5="Major", IF($F5 > 0.1, "Yes", "No"), IF($F5 <= 0.1, "Yes", "No")) -> No | H5: =IF(OR( (AND(D5 < 0.05, F5 > 0.1)), (AND(D5 >= 0.05, F5 <= 0.1))), "Yes", "No") -> No
B6: Class II TBs | C6: Major | D6: 0.0094777 | E6: =IF($C6 = "Major", IF($D6 < 0.01, "Yes", "No"), IF($D6 >= 0.01, "Yes", "No")) -> Yes | F6: 0.03915714 | G6: =IF($C6="Major", IF($F6 > 0.1, "Yes", "No"), IF($F6 <= 0.1, "Yes", "No")) -> No | H6: =IF(OR( (AND(D6 < 0.05, F6 > 0.1)), (AND(D6 >= 0.05, F6 <= 0.1))), "Yes", "No") -> No
B7: Number of N3 | C7: Major | D7: 6.8496e-07 | E7: =IF($C7 = "Major", IF($D7 < 0.01, "Yes", "No"), IF($D7 >= 0.01, "Yes", "No")) -> Yes | F7: 0.051802959 | G7: =IF($C7="Major", IF($F7 > 0.1, "Yes", "No"), IF($F7 <= 0.1, "Yes", "No")) -> No | H7: =IF(OR( (AND(D7 < 0.05, F7 > 0.1)), (AND(D7 >= 0.05, F7 <= 0.1))), "Yes", "No") -> No
B8: Number of N | C8: Minor | D8: 0.065124 | E8: =IF($C8 = "Major", IF($D8 < 0.01, "Yes", "No"), IF($D8 >= 0.01, "Yes", "No")) -> Yes | F8: 0.055230701 | G8: =IF($C8="Major", IF($F8 > 0.1, "Yes", "No"), IF($F8 <= 0.1, "Yes", "No")) -> Yes | H8: =IF(OR( (AND(D8 < 0.05, F8 > 0.1)), (AND(D8 >= 0.05, F8 <= 0.1))), "Yes", "No") -> Yes
B9: Number of C | C9: Minor | D9: 0.00080958 | E9: =IF($C9 = "Major", IF($D9 < 0.01, "Yes", "No"), IF($D9 >= 0.01, "Yes", "No")) -> No | F9: 0.083826427 | G9: =IF($C9="Major", IF($F9 > 0.1, "Yes", "No"), IF($F9 <= 0.1, "Yes", "No")) -> Yes | H9: =IF(OR( (AND(D9 < 0.05, F9 > 0.1)), (AND(D9 >= 0.05, F9 <= 0.1))), "Yes", "No") -> No
B10: H Bond Ratio | C10: Major | D10: 1.5845e-07 | E10: =IF($C10 = "Major", IF($D10 < 0.01, "Yes", "No"), IF($D10 >= 0.01, "Yes", "No")) -> Yes | F10: 0.082912543 | G10: =IF($C10="Major", IF($F10 > 0.1, "Yes", "No"), IF($F10 <= 0.1, "Yes", "No")) -> No | H10: =IF(OR( (AND(D10 < 0.05, F10 > 0.1)), (AND(D10 >= 0.05, F10 <= 0.1))), "Yes", "No") -> No
B11: Oxygen Balance | C11: Major | D11: 1.9613e-24 | E11: =IF($C11 = "Major", IF($D11 < 0.01, "Yes", "No"), IF($D11 >= 0.01, "Yes", "No")) -> Yes | F11: 0.24175624 | G11: =IF($C11="Major", IF($F11 > 0.1, "Yes", "No"), IF($F11 <= 0.1, "Yes", "No")) -> Yes | H11: =IF(OR( (AND(D11 < 0.05, F11 > 0.1)), (AND(D11 >= 0.05, F11 <= 0.1))), "Yes", "No") -> Yes
B12: NO2 adj to NO2 | C12: Minor | D12: 0.91956 | E12: =IF($C12 = "Major", IF($D12 < 0.01, "Yes", "No"), IF($D12 >= 0.01, "Yes", "No")) -> Yes | F12: 0.010286512 | G12: =IF($C12="Major", IF($F12 > 0.1, "Yes", "No"), IF($F12 <= 0.1, "Yes", "No")) -> Yes | H12: =IF(OR( (AND(D12 < 0.05, F12 > 0.1)), (AND(D12 >= 0.05, F12 <= 0.1))), "Yes", "No") -> Yes
B13: NO2 adj to NH2 | C13: Major | D13: 3.1108e-05 | E13: =IF($C13 = "Major", IF($D13 < 0.01, "Yes", "No"), IF($D13 >= 0.01, "Yes", "No")) -> Yes | F13: 0.014729697 | G13: =IF($C13="Major", IF($F13 > 0.1, "Yes", "No"), IF($F13 <= 0.1, "Yes", "No")) -> No | H13: =IF(OR( (AND(D13 < 0.05, F13 > 0.1)), (AND(D13 >= 0.05, F13 <= 0.1))), "Yes", "No") -> No
B14: NO2 adj to CO | C14: Minor | D14: 0.42743 | E14: =IF($C14 = "Major", IF($D14 < 0.01, "Yes", "No"), IF($D14 >= 0.01, "Yes", "No")) -> Yes | F14: 0.0058362673 | G14: =IF($C14="Major", IF($F14 > 0.1, "Yes", "No"), IF($F14 <= 0.1, "Yes", "No")) -> Yes | H14: =IF(OR( (AND(D14 < 0.05, F14 > 0.1)), (AND(D14 >= 0.05, F14 <= 0.1))), "Yes", "No") -> Yes
B15: NO2 adj to CH3 | C15: Minor | D15: 0.21348 | E15: =IF($C15 = "Major", IF($D15 < 0.01, "Yes", "No"), IF($D15 >= 0.01, "Yes", "No")) -> Yes | F15: 0.0029031861 | G15: =IF($C15="Major", IF($F15 > 0.1, "Yes", "No"), IF($F15 <= 0.1, "Yes", "No")) -> Yes | H15: =IF(OR( (AND(D15 < 0.05, F15 > 0.1)), (AND(D15 >= 0.05, F15 <= 0.1))), "Yes", "No") -> Yes
... B22: TPSA | C22: Minor | D22: 8.3077e-05 | E22: =IF($C22 = "Major", IF($D22 < 0.01, "Yes", "No"), IF($D22 >= 0.01, "Yes", "No")) -> No | F22: 0.077235776 | G22: =IF($C22="Major", IF($F22 > 0.1, "Yes", "No"), IF($F22 <= 0.1, "Yes", "No")) -> Yes | H22: =IF(OR( (AND(D22 < 0.05, F22 > 0.1)), (AND(D22 >= 0.05, F22 <= 0.1))), "Yes", "No") -> No
B25: Major Predictors | C25: =COUNTIF($C4:$C22,"Major") -> 10
B26: Minor Predictors | C26: =COUNTIF($C4:$C22,"Minor") -> 9
B27: Total Number of Predictors | C27: =SUM(C25:C26) -> 19
B28: Predictors having EDA aligned to expectations | C28: =COUNTIF(E4:E22, "Yes") -> 16
B29: Predictors having NFIM aligned to expectations | C29: =COUNTIF(G4:G22, "Yes") -> 10
B30: Predictors having EDA and NFIM aligned | C30: =COUNTIF(H4:H22, "Yes") -> 8

Sheet Case 6 p 0.01 NFIM 0.15
B2: Explosives
B3: Predictor | C3: Expected Contribution to target | D3: p-value | E3: p aligned to expectations? | F3: Normalized Feature Importance Metric (NFIM) | G3: NFIM Aligned to expectations? | H3: EDA alignment and NFIM alignment agree?
B4: KMF | C4: Major | D4: 0.00044766 | E4: =IF($C4 = "Major", IF($D4 < 0.01, "Yes", "No"), IF($D4 >= 0.01, "Yes", "No")) -> Yes | F4: 0.093984605 | G4: =IF($C4="Major", IF($F4 > 0.15, "Yes", "No"), IF($F4 <= 0.15, "Yes", "No")) -> No | H4: =IF(OR( (AND(D4 < 0.05, F4 > 0.1)), (AND(D4 >= 0.05, F4 <= 0.1))), "Yes", "No") -> No
B5: Class I TBs | C5: Major | D5: 0.00012039 | E5: =IF($C5 = "Major", IF($D5 < 0.01, "Yes", "No"), IF($D5 >= 0.01, "Yes", "No")) -> Yes | F5: 0.039094126 | G5: =IF($C5="Major", IF($F5 > 0.15, "Yes", "No"), IF($F5 <= 0.15, "Yes", "No")) -> No | H5: =IF(OR( (AND(D5 < 0.05, F5 > 0.1)), (AND(D5 >= 0.05, F5 <= 0.1))), "Yes", "No") -> No
B6: Class II TBs | C6: Major | D6: 0.0094777 | E6: =IF($C6 = "Major", IF($D6 < 0.01, "Yes", "No"), IF($D6 >= 0.01, "Yes", "No")) -> Yes | F6: 0.03915714 | G6: =IF($C6="Major", IF($F6 > 0.15, "Yes", "No"), IF($F6 <= 0.15, "Yes", "No")) -> No | H6: =IF(OR( (AND(D6 < 0.05, F6 > 0.1)), (AND(D6 >= 0.05, F6 <= 0.1))), "Yes", "No") -> No
B7: Number of N3 | C7: Major | D7: 6.8496e-07 | E7: =IF($C7 = "Major", IF($D7 < 0.01, "Yes", "No"), IF($D7 >= 0.01, "Yes", "No")) -> Yes | F7: 0.051802959 | G7: =IF($C7="Major", IF($F7 > 0.15, "Yes", "No"), IF($F7 <= 0.15, "Yes", "No")) -> No | H7: =IF(OR( (AND(D7 < 0.05, F7 > 0.1)), (AND(D7 >= 0.05, F7 <= 0.1))), "Yes", "No") -> No
B8: Number of N | C8: Minor | D8: 0.065124 | E8: =IF($C8 = "Major", IF($D8 < 0.01, "Yes", "No"), IF($D8 >= 0.01, "Yes", "No")) -> Yes | F8: 0.055230701 | G8: =IF($C8="Major", IF($F8 > 0.15, "Yes", "No"), IF($F8 <= 0.15, "Yes", "No")) -> Yes | H8: =IF(OR( (AND(D8 < 0.05, F8 > 0.1)), (AND(D8 >= 0.05, F8 <= 0.1))), "Yes", "No") -> Yes
B9: Number of C | C9: Minor | D9: 0.00080958 | E9: =IF($C9 = "Major", IF($D9 < 0.01, "Yes", "No"), IF($D9 >= 0.01, "Yes", "No")) -> No | F9: 0.083826427 | G9: =IF($C9="Major", IF($F9 > 0.15, "Yes", "No"), IF($F9 <= 0.15, "Yes", "No")) -> Yes | H9: =IF(OR( (AND(D9 < 0.05, F9 > 0.1)), (AND(D9 >= 0.05, F9 <= 0.1))), "Yes", "No") -> No
B10: H Bond Ratio | C10: Major | D10: 1.5845e-07 | E10: =IF($C10 = "Major", IF($D10 < 0.01, "Yes", "No"), IF($D10 >= 0.01, "Yes", "No")) -> Yes | F10: 0.082912543 | G10: =IF($C10="Major", IF($F10 > 0.15, "Yes", "No"), IF($F10 <= 0.15, "Yes", "No")) -> No | H10: =IF(OR( (AND(D10 < 0.05, F10 > 0.1)), (AND(D10 >= 0.05, F10 <= 0.1))), "Yes", "No") -> No
B11: Oxygen Balance | C11: Major | D11: 1.9613e-24 | E11: =IF($C11 = "Major", IF($D11 < 0.01, "Yes", "No"), IF($D11 >= 0.01, "Yes", "No")) -> Yes | F11: 0.24175624 | G11: =IF($C11="Major", IF($F11 > 0.15, "Yes", "No"), IF($F11 <= 0.15, "Yes", "No")) -> Yes | H11: =IF(OR( (AND(D11 < 0.05, F11 > 0.1)), (AND(D11 >= 0.05, F11 <= 0.1))), "Yes", "No") -> Yes
B12: NO2 adj to NO2 | C12: Minor | D12: 0.91956 | E12: =IF($C12 = "Major", IF($D12 < 0.01, "Yes", "No"), IF($D12 >= 0.01, "Yes", "No")) -> Yes | F12: 0.010286512 | G12: =IF($C12="Major", IF($F12 > 0.15, "Yes", "No"), IF($F12 <= 0.15, "Yes", "No")) -> Yes | H12: =IF(OR( (AND(D12 < 0.05, F12 > 0.1)), (AND(D12 >= 0.05, F12 <= 0.1))), "Yes", "No") -> Yes
B13: NO2 adj to NH2 | C13: Major | D13: 3.1108e-05 | E13: =IF($C13 = "Major", IF($D13 < 0.01, "Yes", "No"), IF($D13 >= 0.01, "Yes", "No")) -> Yes | F13: 0.014729697 | G13: =IF($C13="Major", IF($F13 > 0.15, "Yes", "No"), IF($F13 <= 0.15, "Yes", "No")) -> No | H13: =IF(OR( (AND(D13 < 0.05, F13 > 0.1)), (AND(D13 >= 0.05, F13 <= 0.1))), "Yes", "No") -> No
B14: NO2 adj to CO | C14: Minor | D14: 0.42743 | E14: =IF($C14 = "Major", IF($D14 < 0.01, "Yes", "No"), IF($D14 >= 0.01, "Yes", "No")) -> Yes | F14: 0.0058362673 | G14: =IF($C14="Major", IF($F14 > 0.15, "Yes", "No"), IF($F14 <= 0.15, "Yes", "No")) -> Yes | H14: =IF(OR( (AND(D14 < 0.05, F14 > 0.1)), (AND(D14 >= 0.05, F14 <= 0.1))), "Yes", "No") -> Yes
B15: NO2 adj to CH3 | C15: Minor | D15: 0.21348 | E15: =IF($C15 = "Major", IF($D15 < 0.01, "Yes", "No"), IF($D15 >= 0.01, "Yes", "No")) -> Yes | F15: 0.0029031861 | G15: =IF($C15="Major", IF($F15 > 0.15, "Yes", "No"), IF($F15 <= 0.15, "Yes", "No")) -> Yes | H15: =IF(OR( (AND(D15 < 0.05, F15 > 0.1)), (AND(D15 >= 0.05, F15 <= 0.1))), "Yes", "No") -> Yes
... B22: TPSA | C22: Minor | D22: 8.3077e-05 | E22: =IF($C22 = "Major", IF($D22 < 0.01, "Yes", "No"), IF($D22 >= 0.01, "Yes", "No")) -> No | F22: 0.077235776 | G22: =IF($C22="Major", IF($F22 > 0.15, "Yes", "No"), IF($F22 <= 0.15, "Yes", "No")) -> Yes | H22: =IF(OR( (AND(D22 < 0.05, F22 > 0.1)), (AND(D22 >= 0.05, F22 <= 0.1))), "Yes", "No") -> No
B25: Major Predictors | C25: =COUNTIF($C4:$C22,"Major") -> 10
B26: Minor Predictors | C26: =COUNTIF($C4:$C22,"Minor") -> 9
B27: Total Number of Predictors | C27: =SUM(C25:C26) -> 19
B28: Predictors having EDA aligned to expectations | C28: =COUNTIF(E4:E22, "Yes") -> 16
B29: Predictors having NFIM aligned to expectations | C29: =COUNTIF(G4:G22, "Yes") -> 10
B30: Predictors having EDA and NFIM aligned | C30: =COUNTIF(H4:H22, "Yes") -> 8

Sheet Case 6 p 0.001 NFIM 0.05
B2: Explosives
B3: Predictor | C3: Expected Contribution to target | D3: p-value | E3: p aligned to expectations? | F3: Normalized Feature Importance Metric (NFIM) | G3: NFIM Aligned to expectations? | H3: EDA alignment and NFIM alignment agree?
B4: KMF | C4: Major | D4: 0.00044766 | E4: =IF($C4 = "Major", IF($D4 < 0.001, "Yes", "No"), IF($D4 >= 0.001, "Yes", "No")) -> Yes | F4: 0.093984605 | G4: =IF($C4="Major", IF($F4 > 0.05, "Yes", "No"), IF($F4 <= 0.05, "Yes", "No")) -> Yes | H4: =IF(OR( (AND(D4 < 0.05, F4 > 0.1)), (AND(D4 >= 0.05, F4 <= 0.1))), "Yes", "No") -> No
B5: Class I TBs | C5: Major | D5: 0.00012039 | E5: =IF($C5 = "Major", IF($D5 < 0.001, "Yes", "No"), IF($D5 >= 0.001, "Yes", "No")) -> Yes | F5: 0.039094126 | G5: =IF($C5="Major", IF($F5 > 0.05, "Yes", "No"), IF($F5 <= 0.05, "Yes", "No")) -> No | H5: =IF(OR( (AND(D5 < 0.05, F5 > 0.1)), (AND(D5 >= 0.05, F5 <= 0.1))), "Yes", "No") -> No
B6: Class II TBs | C6: Major | D6: 0.0094777 | E6: =IF($C6 = "Major", IF($D6 < 0.001, "Yes", "No"), IF($D6 >= 0.001, "Yes", "No")) -> No | F6: 0.03915714 | G6: =IF($C6="Major", IF($F6 > 0.05, "Yes", "No"), IF($F6 <= 0.05, "Yes", "No")) -> No | H6: =IF(OR( (AND(D6 < 0.05, F6 > 0.1)), (AND(D6 >= 0.05, F6 <= 0.1))), "Yes", "No") -> No
B7: Number of N3 | C7: Major | D7: 6.8496e-07 | E7: =IF($C7 = "Major", IF($D7 < 0.001, "Yes", "No"), IF($D7 >= 0.001, "Yes", "No")) -> Yes | F7: 0.051802959 | G7: =IF($C7="Major", IF($F7 > 0.05, "Yes", "No"), IF($F7 <= 0.05, "Yes", "No")) -> Yes | H7: =IF(OR( (AND(D7 < 0.05, F7 > 0.1)), (AND(D7 >= 0.05, F7 <= 0.1))), "Yes", "No") -> No
B8: Number of N | C8: Minor | D8: 0.065124 | E8: =IF($C8 = "Major", IF($D8 < 0.001, "Yes", "No"), IF($D8 >= 0.001, "Yes", "No")) -> Yes | F8: 0.055230701 | G8: =IF($C8="Major", IF($F8 > 0.05, "Yes", "No"), IF($F8 <= 0.05, "Yes", "No")) -> No | H8: =IF(OR( (AND(D8 < 0.05, F8 > 0.1)), (AND(D8 >= 0.05, F8 <= 0.1))), "Yes", "No") -> Yes
B9: Number of C | C9: Minor | D9: 0.00080958 | E9: =IF($C9 = "Major", IF($D9 < 0.001, "Yes", "No"), IF($D9 >= 0.001, "Yes", "No")) -> No | F9: 0.083826427 | G9: =IF($C9="Major", IF($F9 > 0.05, "Yes", "No"), IF($F9 <= 0.05, "Yes", "No")) -> No | H9: =IF(OR( (AND(D9 < 0.05, F9 > 0.1)), (AND(D9 >= 0.05, F9 <= 0.1))), "Yes", "No") -> No
B10: H Bond Ratio | C10: Major | D10: 1.5845e-07 | E10: =IF($C10 = "Major", IF($D10 < 0.001, "Yes", "No"), IF($D10 >= 0.001, "Yes", "No")) -> Yes | F10: 0.082912543 | G10: =IF($C10="Major", IF($F10 > 0.05, "Yes", "No"), IF($F10 <= 0.05, "Yes", "No")) -> Yes | H10: =IF(OR( (AND(D10 < 0.05, F10 > 0.1)), (AND(D10 >= 0.05, F10 <= 0.1))), "Yes", "No") -> No
B11: Oxygen Balance | C11: Major | D11: 1.9613e-24 | E11: =IF($C11 = "Major", IF($D11 < 0.001, "Yes", "No"), IF($D11 >= 0.001, "Yes", "No")) -> Yes | F11: 0.24175624 | G11: =IF($C11="Major", IF($F11 > 0.05, "Yes", "No"), IF($F11 <= 0.05, "Yes", "No")) -> Yes | H11: =IF(OR( (AND(D11 < 0.05, F11 > 0.1)), (AND(D11 >= 0.05, F11 <= 0.1))), "Yes", "No") -> Yes
B12: NO2 adj to NO2 | C12: Minor | D12: 0.91956 | E12: =IF($C12 = "Major", IF($D12 < 0.001, "Yes", "No"), IF($D12 >= 0.001, "Yes", "No")) -> Yes | F12: 0.010286512 | G12: =IF($C12="Major", IF($F12 > 0.05, "Yes", "No"), IF($F12 <= 0.05, "Yes", "No")) -> Yes | H12: =IF(OR( (AND(D12 < 0.05, F12 > 0.1)), (AND(D12 >= 0.05, F12 <= 0.1))), "Yes", "No") -> Yes
B13: NO2 adj to NH2 | C13: Major | D13: 3.1108e-05 | E13: =IF($C13 = "Major", IF($D13 < 0.001, "Yes", "No"), IF($D13 >= 0.001, "Yes", "No")) -> Yes | F13: 0.014729697 | G13: =IF($C13="Major", IF($F13 > 0.05, "Yes", "No"), IF($F13 <= 0.05, "Yes", "No")) -> No | H13: =IF(OR( (AND(D13 < 0.05, F13 > 0.1)), (AND(D13 >= 0.05, F13 <= 0.1))), "Yes", "No") -> No
B14: NO2 adj to CO | C14: Minor | D14: 0.42743 | E14: =IF($C14 = "Major", IF($D14 < 0.001, "Yes", "No"), IF($D14 >= 0.001, "Yes", "No")) -> Yes | F14: 0.0058362673 | G14: =IF($C14="Major", IF($F14 > 0.05, "Yes", "No"), IF($F14 <= 0.05, "Yes", "No")) -> Yes | H14: =IF(OR( (AND(D14 < 0.05, F14 > 0.1)), (AND(D14 >= 0.05, F14 <= 0.1))), "Yes", "No") -> Yes
B15: NO2 adj to CH3 | C15: Minor | D15: 0.21348 | E15: =IF($C15 = "Major", IF($D15 < 0.001, "Yes", "No"), IF($D15 >= 0.001, "Yes", "No")) -> Yes | F15: 0.0029031861 | G15: =IF($C15="Major", IF($F15 > 0.05, "Yes", "No"), IF($F15 <= 0.05, "Yes", "No")) -> Yes | H15: =IF(OR( (AND(D15 < 0.05, F15 > 0.1)), (AND(D15 >= 0.05, F15 <= 0.1))), "Yes", "No") -> Yes
... B22: TPSA | C22: Minor | D22: 8.3077e-05 | E22: =IF($C22 = "Major", IF($D22 < 0.001, "Yes", "No"), IF($D22 >= 0.001, "Yes", "No")) -> No | F22: 0.077235776 | G22: =IF($C22="Major", IF($F22 > 0.05, "Yes", "No"), IF($F22 <= 0.05, "Yes", "No")) -> No | H22: =IF(OR( (AND(D22 < 0.05, F22 > 0.1)), (AND(D22 >= 0.05, F22 <= 0.1))), "Yes", "No") -> No
B25: Major Predictors | C25: =COUNTIF($C4:$C22,"Major") -> 10
B26: Minor Predictors | C26: =COUNTIF($C4:$C22,"Minor") -> 9
B27: Total Number of Predictors | C27: =SUM(C25:C26) -> 19
B28: Predictors having EDA aligned to expectations | C28: =COUNTIF(E4:E22, "Yes") -> 15
B29: Predictors having NFIM aligned to expectations | C29: =COUNTIF(G4:G22, "Yes") -> 10
B30: Predictors having EDA and NFIM aligned | C30: =COUNTIF(H4:H22, "Yes") -> 8

Sheet Case 6 p 0.001 NFIM 0.10
B2: Explosives
B3: Predictor | C3: Expected Contribution to target | D3: p-value | E3: p aligned to expectations? | F3: Normalized Feature Importance Metric (NFIM) | G3: NFIM Aligned to expectations? | H3: EDA alignment and NFIM alignment agree?
B4: KMF | C4: Major | D4: 0.00044766 | E4: =IF($C4 = "Major", IF($D4 < 0.001, "Yes", "No"), IF($D4 >= 0.001, "Yes", "No")) -> Yes | F4: 0.093984605 | G4: =IF($C4="Major", IF($F4 > 0.1, "Yes", "No"), IF($F4 <= 0.1, "Yes", "No")) -> No | H4: =IF(OR( (AND(D4 < 0.05, F4 > 0.1)), (AND(D4 >= 0.05, F4 <= 0.1))), "Yes", "No") -> No
B5: Class I TBs | C5: Major | D5: 0.00012039 | E5: =IF($C5 = "Major", IF($D5 < 0.001, "Yes", "No"), IF($D5 >= 0.001, "Yes", "No")) -> Yes | F5: 0.039094126 | G5: =IF($C5="Major", IF($F5 > 0.1, "Yes", "No"), IF($F5 <= 0.1, "Yes", "No")) -> No | H5: =IF(OR( (AND(D5 < 0.05, F5 > 0.1)), (AND(D5 >= 0.05, F5 <= 0.1))), "Yes", "No") -> No
B6: Class II TBs | C6: Major | D6: 0.0094777 | E6: =IF($C6 = "Major", IF($D6 < 0.001, "Yes", "No"), IF($D6 >= 0.001, "Yes", "No")) -> No | F6: 0.03915714 | G6: =IF($C6="Major", IF($F6 > 0.1, "Yes", "No"), IF($F6 <= 0.1, "Yes", "No")) -> No | H6: =IF(OR( (AND(D6 < 0.05, F6 > 0.1)), (AND(D6 >= 0.05, F6 <= 0.1))), "Yes", "No") -> No
B7: Number of N3 | C7: Major | D7: 6.8496e-07 | E7: =IF($C7 = "Major", IF($D7 < 0.001, "Yes", "No"), IF($D7 >= 0.001, "Yes", "No")) -> Yes | F7: 0.051802959 | G7: =IF($C7="Major", IF($F7 > 0.1, "Yes", "No"), IF($F7 <= 0.1, "Yes", "No")) -> No | H7: =IF(OR( (AND(D7 < 0.05, F7 > 0.1)), (AND(D7 >= 0.05, F7 <= 0.1))), "Yes", "No") -> No
B8: Number of N | C8: Minor | D8: 0.065124 | E8: =IF($C8 = "Major", IF($D8 < 0.001, "Yes", "No"), IF($D8 >= 0.001, "Yes", "No")) -> Yes | F8: 0.055230701 | G8: =IF($C8="Major", IF($F8 > 0.1, "Yes", "No"), IF($F8 <= 0.1, "Yes", "No")) -> Yes | H8: =IF(OR( (AND(D8 < 0.05, F8 > 0.1)), (AND(D8 >= 0.05, F8 <= 0.1))), "Yes", "No") -> Yes
B9: Number of C | C9: Minor | D9: 0.00080958 | E9: =IF($C9 = "Major", IF($D9 < 0.001, "Yes", "No"), IF($D9 >= 0.001, "Yes", "No")) -> No | F9: 0.083826427 | G9: =IF($C9="Major", IF($F9 > 0.1, "Yes", "No"), IF($F9 <= 0.1, "Yes", "No")) -> Yes | H9: =IF(OR( (AND(D9 < 0.05, F9 > 0.1)), (AND(D9 >= 0.05, F9 <= 0.1))), "Yes", "No") -> No
B10: H Bond Ratio | C10: Major | D10: 1.5845e-07 | E10: =IF($C10 = "Major", IF($D10 < 0.001, "Yes", "No"), IF($D10 >= 0.001, "Yes", "No")) -> Yes | F10: 0.082912543 | G10: =IF($C10="Major", IF($F10 > 0.1, "Yes", "No"), IF($F10 <= 0.1, "Yes", "No")) -> No | H10: =IF(OR( (AND(D10 < 0.05, F10 > 0.1)), (AND(D10 >= 0.05, F10 <= 0.1))), "Yes", "No") -> No
B11: Oxygen Balance | C11: Major | D11: 1.9613e-24 | E11: =IF($C11 = "Major", IF($D11 < 0.001, "Yes", "No"), IF($D11 >= 0.001, "Yes", "No")) -> Yes | F11: 0.24175624 | G11: =IF($C11="Major", IF($F11 > 0.1, "Yes", "No"), IF($F11 <= 0.1, "Yes", "No")) -> Yes | H11: =IF(OR( (AND(D11 < 0.05, F11 > 0.1)), (AND(D11 >= 0.05, F11 <= 0.1))), "Yes", "No") -> Yes
B12: NO2 adj to NO2 | C12: Minor | D12: 0.91956 | E12: =IF($C12 = "Major", IF($D12 < 0.001, "Yes", "No"), IF($D12 >= 0.001, "Yes", "No")) -> Yes | F12: 0.010286512 | G12: =IF($C12="Major", IF($F12 > 0.1, "Yes", "No"), IF($F12 <= 0.1, "Yes", "No")) -> Yes | H12: =IF(OR( (AND(D12 < 0.05, F12 > 0.1)), (AND(D12 >= 0.05, F12 <= 0.1))), "Yes", "No") -> Yes
B13: NO2 adj to NH2 | C13: Major | D13: 3.1108e-05 | E13: =IF($C13 = "Major", IF($D13 < 0.001, "Yes", "No"), IF($D13 >= 0.001, "Yes", "No")) -> Yes | F13: 0.014729697 | G13: =IF($C13="Major", IF($F13 > 0.1, "Yes", "No"), IF($F13 <= 0.1, "Yes", "No")) -> No | H13: =IF(OR( (AND(D13 < 0.05, F13 > 0.1)), (AND(D13 >= 0.05, F13 <= 0.1))), "Yes", "No") -> No
B14: NO2 adj to CO | C14: Minor | D14: 0.42743 | E14: =IF($C14 = "Major", IF($D14 < 0.001, "Yes", "No"), IF($D14 >= 0.001, "Yes", "No")) -> Yes | F14: 0.0058362673 | G14: =IF($C14="Major", IF($F14 > 0.1, "Yes", "No"), IF($F14 <= 0.1, "Yes", "No")) -> Yes | H14: =IF(OR( (AND(D14 < 0.05, F14 > 0.1)), (AND(D14 >= 0.05, F14 <= 0.1))), "Yes", "No") -> Yes
B15: NO2 adj to CH3 | C15: Minor | D15: 0.21348 | E15: =IF($C15 = "Major", IF($D15 < 0.001, "Yes", "No"), IF($D15 >= 0.001, "Yes", "No")) -> Yes | F15: 0.0029031861 | G15: =IF($C15="Major", IF($F15 > 0.1, "Yes", "No"), IF($F15 <= 0.1, "Yes", "No")) -> Yes | H15: =IF(OR( (AND(D15 < 0.05, F15 > 0.1)), (AND(D15 >= 0.05, F15 <= 0.1))), "Yes", "No") -> Yes
... B22: TPSA | C22: Minor | D22: 8.3077e-05 | E22: =IF($C22 = "Major", IF($D22 < 0.001, "Yes", "No"), IF($D22 >= 0.001, "Yes", "No")) -> No | F22: 0.077235776 | G22: =IF($C22="Major", IF($F22 > 0.1, "Yes", "No"), IF($F22 <= 0.1, "Yes", "No")) -> Yes | H22: =IF(OR( (AND(D22 < 0.05, F22 > 0.1)), (AND(D22 >= 0.05, F22 <= 0.1))), "Yes", "No") -> No
B25: Major Predictors | C25: =COUNTIF($C4:$C22,"Major") -> 10
B26: Minor Predictors | C26: =COUNTIF($C4:$C22,"Minor") -> 9
B27: Total Number of Predictors | C27: =SUM(C25:C26) -> 19
B28: Predictors having EDA aligned to expectations | C28: =COUNTIF(E4:E22, "Yes") -> 15
B29: Predictors having NFIM aligned to expectations | C29: =COUNTIF(G4:G22, "Yes") -> 10
B30: Predictors having EDA and NFIM aligned | C30: =COUNTIF(H4:H22, "Yes") -> 8

Sheet Case 6 p 0.001 NFIM 0.15
B2: Explosives
B3: Predictor | C3: Expected Contribution to target | D3: p-value | E3: p aligned to expectations? | F3: Normalized Feature Importance Metric (NFIM) | G3: NFIM Aligned to expectations? | H3: EDA alignment and NFIM alignment agree?
B4: KMF | C4: Major | D4: 0.00044766 | E4: =IF($C4 = "Major", IF($D4 < 0.001, "Yes", "No"), IF($D4 >= 0.001, "Yes", "No")) -> Yes | F4: 0.093984605 | G4: =IF($C4="Major", IF($F4 > 0.15, "Yes", "No"), IF($F4 <= 0.15, "Yes", "No")) -> No | H4: =IF(OR( (AND(D4 < 0.05, F4 > 0.1)), (AND(D4 >= 0.05, F4 <= 0.1))), "Yes", "No") -> No
B5: Class I TBs | C5: Major | D5: 0.00012039 | E5: =IF($C5 = "Major", IF($D5 < 0.001, "Yes", "No"), IF($D5 >= 0.001, "Yes", "No")) -> Yes | F5: 0.039094126 | G5: =IF($C5="Major", IF($F5 > 0.15, "Yes", "No"), IF($F5 <= 0.15, "Yes", "No")) -> No | H5: =IF(OR( (AND(D5 < 0.05, F5 > 0.1)), (AND(D5 >= 0.05, F5 <= 0.1))), "Yes", "No") -> No
B6: Class II TBs | C6: Major | D6: 0.0094777 | E6: =IF($C6 = "Major", IF($D6 < 0.001, "Yes", "No"), IF($D6 >= 0.001, "Yes", "No")) -> No | F6: 0.03915714 | G6: =IF($C6="Major", IF($F6 > 0.15, "Yes", "No"), IF($F6 <= 0.15, "Yes", "No")) -> No | H6: =IF(OR( (AND(D6 < 0.05, F6 > 0.1)), (AND(D6 >= 0.05, F6 <= 0.1))), "Yes", "No") -> No
B7: Number of N3 | C7: Major | D7: 6.8496e-07 | E7: =IF($C7 = "Major", IF($D7 < 0.001, "Yes", "No"), IF($D7 >= 0.001, "Yes", "No")) -> Yes | F7: 0.051802959 | G7: =IF($C7="Major", IF($F7 > 0.15, "Yes", "No"), IF($F7 <= 0.15, "Yes", "No")) -> No | H7: =IF(OR( (AND(D7 < 0.05, F7 > 0.1)), (AND(D7 >= 0.05, F7 <= 0.1))), "Yes", "No") -> No
B8: Number of N | C8: Minor | D8: 0.065124 | E8: =IF($C8 = "Major", IF($D8 < 0.001, "Yes", "No"), IF($D8 >= 0.001, "Yes", "No")) -> Yes | F8: 0.055230701 | G8: =IF($C8="Major", IF($F8 > 0.15, "Yes", "No"), IF($F8 <= 0.15, "Yes", "No")) -> Yes | H8: =IF(OR( (AND(D8 < 0.05, F8 > 0.1)), (AND(D8 >= 0.05, F8 <= 0.1))), "Yes", "No") -> Yes
B9: Number of C | C9: Minor | D9: 0.00080958 | E9: =IF($C9 = "Major", IF($D9 < 0.001, "Yes", "No"), IF($D9 >= 0.001, "Yes", "No")) -> No | F9: 0.083826427 | G9: =IF($C9="Major", IF($F9 > 0.15, "Yes", "No"), IF($F9 <= 0.15, "Yes", "No")) -> Yes | H9: =IF(OR( (AND(D9 < 0.05, F9 > 0.1)), (AND(D9 >= 0.05, F9 <= 0.1))), "Yes", "No") -> No
B10: H Bond Ratio | C10: Major | D10: 1.5845e-07 | E10: =IF($C10 = "Major", IF($D10 < 0.001, "Yes", "No"), IF($D10 >= 0.001, "Yes", "No")) -> Yes | F10: 0.082912543 | G10: =IF($C10="Major", IF($F10 > 0.15, "Yes", "No"), IF($F10 <= 0.15, "Yes", "No")) -> No | H10: =IF(OR( (AND(D10 < 0.05, F10 > 0.1)), (AND(D10 >= 0.05, F10 <= 0.1))), "Yes", "No") -> No
B11: Oxygen Balance | C11: Major | D11: 1.9613e-24 | E11: =IF($C11 = "Major", IF($D11 < 0.001, "Yes", "No"), IF($D11 >= 0.001, "Yes", "No")) -> Yes | F11: 0.24175624 | G11: =IF($C11="Major", IF($F11 > 0.15, "Yes", "No"), IF($F11 <= 0.15, "Yes", "No")) -> Yes | H11: =IF(OR( (AND(D11 < 0.05, F11 > 0.1)), (AND(D11 >= 0.05, F11 <= 0.1))), "Yes", "No") -> Yes
B12: NO2 adj to NO2 | C12: Minor | D12: 0.91956 | E12: =IF($C12 = "Major", IF($D12 < 0.001, "Yes", "No"), IF($D12 >= 0.001, "Yes", "No")) -> Yes | F12: 0.010286512 | G12: =IF($C12="Major", IF($F12 > 0.15, "Yes", "No"), IF($F12 <= 0.15, "Yes", "No")) -> Yes | H12: =IF(OR( (AND(D12 < 0.05, F12 > 0.1)), (AND(D12 >= 0.05, F12 <= 0.1))), "Yes", "No") -> Yes
B13: NO2 adj to NH2 | C13: Major | D13: 3.1108e-05 | E13: =IF($C13 = "Major", IF($D13 < 0.001, "Yes", "No"), IF($D13 >= 0.001, "Yes", "No")) -> Yes | F13: 0.014729697 | G13: =IF($C13="Major", IF($F13 > 0.15, "Yes", "No"), IF($F13 <= 0.15, "Yes", "No")) -> No | H13: =IF(OR( (AND(D13 < 0.05, F13 > 0.1)), (AND(D13 >= 0.05, F13 <= 0.1))), "Yes", "No") -> No
B14: NO2 adj to CO | C14: Minor | D14: 0.42743 | E14: =IF($C14 = "Major", IF($D14 < 0.001, "Yes", "No"), IF($D14 >= 0.001, "Yes", "No")) -> Yes | F14: 0.0058362673 | G14: =IF($C14="Major", IF($F14 > 0.15, "Yes", "No"), IF($F14 <= 0.15, "Yes", "No")) -> Yes | H14: =IF(OR( (AND(D14 < 0.05, F14 > 0.1)), (AND(D14 >= 0.05, F14 <= 0.1))), "Yes", "No") -> Yes
B15: NO2 adj to CH3 | C15: Minor | D15: 0.21348 | E15: =IF($C15 = "Major", IF($D15 < 0.001, "Yes", "No"), IF($D15 >= 0.001, "Yes", "No")) -> Yes | F15: 0.0029031861 | G15: =IF($C15="Major", IF($F15 > 0.15, "Yes", "No"), IF($F15 <= 0.15, "Yes", "No")) -> Yes | H15: =IF(OR( (AND(D15 < 0.05, F15 > 0.1)), (AND(D15 >= 0.05, F15 <= 0.1))), "Yes", "No") -> Yes
... B22: TPSA | C22: Minor | D22: 8.3077e-05 | E22: =IF($C22 = "Major", IF($D22 < 0.001, "Yes", "No"), IF($D22 >= 0.001, "Yes", "No")) -> No | F22: 0.077235776 | G22: =IF($C22="Major", IF($F22 > 0.15, "Yes", "No"), IF($F22 <= 0.15, "Yes", "No")) -> Yes | H22: =IF(OR( (AND(D22 < 0.05, F22 > 0.1)), (AND(D22 >= 0.05, F22 <= 0.1))), "Yes", "No") -> No
B25: Major Predictors | C25: =COUNTIF($C4:$C22,"Major") -> 10
B26: Minor Predictors | C26: =COUNTIF($C4:$C22,"Minor") -> 9
B27: Total Number of Predictors | C27: =SUM(C25:C26) -> 19
B28: Predictors having EDA aligned to expectations | C28: =COUNTIF(E4:E22, "Yes") -> 15
B29: Predictors having NFIM aligned to expectations | C29: =COUNTIF(G4:G22, "Yes") -> 10
B30: Predictors having EDA and NFIM aligned | C30: =COUNTIF(H4:H22, "Yes") -> 8

Sheet Case 6 summary
C2: p-value cutoff | D2: 0.05 | I2: p-value cutoff | J2: 0.05 | O2: p-value cutoff | P2: 0.05
A3: Ante-hoc aligned | B3: ='Case 6 p 0.05 NFIM 0.05'!C28 -> 17 | C3: NFIM cutoff | D3: 0.05 | G3: Ante-hoc aligned | H3: ='Case 6 p 0.05 NFIM 0.10'!C28 -> 17 | I3: NFIM cutoff | J3: 0.1 | M3: Ante-hoc aligned | N3: ='Case 6 p 0.05 NFIM 0.15'!C28 -> 17 | O3: NFIM cutoff | P3: 0.15
A4: Post-hoc aligned | B4: ='Case 6 p 0.05 NFIM 0.05'!C29 -> 10 | G4: Post-hoc aligned | H4: ='Case 6 p 0.05 NFIM 0.10'!C29 -> 10 | M4: Post-hoc aligned | N4: ='Case 6 p 0.05 NFIM 0.15'!C29 -> 10
A5: EDA-FIM aligned | B5: ='Case 6 p 0.05 NFIM 0.05'!C30 -> 8 | G5: EDA-FIM aligned | H5: ='Case 6 p 0.05 NFIM 0.10'!C30 -> 8 | M5: EDA-FIM aligned | N5: ='Case 6 p 0.05 NFIM 0.15'!C30 -> 8
A6: Total number of predictors | B6: 19 | G6: Total number of predictors | H6: 19 | M6: Total number of predictors | N6: 19
A8: Score | B8: Points | C8: Max. Possible points | D8: Percentage | G8: Score | H8: Points | I8: Max. Possible points | J8: Percentage | M8: Score | N8: Points | O8: Max. Possible points | P8: Percentage
A9: Ante-hoc Alignment | B9: =B3 -> 17 | C9: =B6 -> 19 | G9: Ante-hoc Alignment | H9: =H3 -> 17 | I9: =H6 -> 19 | M9: Ante-hoc Alignment | N9: =N3 -> 17 | O9: =N6 -> 19
A10: Post-hoc Alignment | B10: =B4 -> 10 | C10: =B6 -> 19 | G10: Post-hoc Alignment | H10: =H4 -> 10 | I10: =H6 -> 19 | M10: Post-hoc Alignment | N10: =N4 -> 10 | O10: =N6 -> 19
A11: EDA-FIM alignment | B11: =ROUND((0.5*(LOG10(B5/B6)+1)*B6)*10,0)/10 -> 5.9 | C11: =B6*0.5 -> 9.5 | G11: EDA-FIM alignment | H11: =ROUND((0.5*(LOG10(H5/H6)+1)*H6)*10,0)/10 -> 5.9 | I11: =H6*0.5 -> 9.5 | M11: EDA-FIM alignment | N11: =ROUND((0.5*(LOG10(N5/N6)+1)*N6)*10,0)/10 -> 5.9 | O11: =N6*0.5 -> 9.5
A12: Total | B12: =ROUND(SUM(B9:B11)*10,0)/10 -> 32.9 | C12: =SUM(C9:C11) -> 47.5 | D12: =100*B12/C12 -> 69.263158 | G12: Total | H12: =ROUND(SUM(H9:H11)*10,0)/10 -> 32.9 | I12: =SUM(I9:I11) -> 47.5 | J12: =100*H12/I12 -> 69.263158 | M12: Total | N12: =ROUND(SUM(N9:N11)*10,0)/10 -> 32.9 | O12: =SUM(O9:O11) -> 47.5 | P12: =100*N12/O12 -> 69.263158
C15: p-value cutoff | D15: 0.01 | I15: p-value cutoff | J15: 0.01 | O15: p-value cutoff | P15: 0.01
A16: Ante-hoc aligned | B16: ='Case 6 p 0.01 NFIM 0.05'!C28 -> 16 | C16: NFIM cutoff | D16: 0.05 | G16: Ante-hoc aligned | H16: ='Case 6 p 0.01 NFIM 0.10'!C28 -> 16 | I16: NFIM cutoff | J16: 0.1 | M16: Ante-hoc aligned | N16: ='Case 6 p 0.01 NFIM 0.15'!C28 -> 16 | O16: NFIM cutoff | P16: 0.15
A17: Post-hoc aligned | B17: ='Case 6 p 0.01 NFIM 0.05'!C29 -> 10 | G17: Post-hoc aligned | H17: ='Case 6 p 0.01 NFIM 0.10'!C29 -> 10 | M17: Post-hoc aligned | N17: ='Case 6 p 0.01 NFIM 0.15'!C29 -> 10
A18: EDA-FIM aligned | B18: ='Case 6 p 0.01 NFIM 0.05'!C30 -> 8 | G18: EDA-FIM aligned | H18: ='Case 6 p 0.01 NFIM 0.10'!C30 -> 8 | M18: EDA-FIM aligned | N18: ='Case 6 p 0.01 NFIM 0.15'!C30 -> 8
A19: Total number of predictors | B19: 19 | G19: Total number of predictors | H19: 19 | M19: Total number of predictors | N19: 19
A21: Score | B21: Points | C21: Max. Possible points | D21: Percentage | G21: Score | H21: Points | I21: Max. Possible points | J21: Percentage | M21: Score | N21: Points | O21: Max. Possible points | P21: Percentage
A22: Ante-hoc Alignment | B22: =B16 -> 16 | C22: =B19 -> 19 | G22: Ante-hoc Alignment | H22: =H16 -> 16 | I22: =H19 -> 19 | M22: Ante-hoc Alignment | N22: =N16 -> 16 | O22: =N19 -> 19
A23: Post-hoc Alignment | B23: =B17 -> 10 | C23: =B19 -> 19 | G23: Post-hoc Alignment | H23: =H17 -> 10 | I23: =H19 -> 19 | M23: Post-hoc Alignment | N23: =N17 -> 10 | O23: =N19 -> 19
A24: EDA-FIM alignment | B24: =ROUND((0.5*(LOG10(B18/B19)+1)*B19)*10,0)/10 -> 5.9 | C24: =B19*0.5 -> 9.5 | G24: EDA-FIM alignment | H24: =ROUND((0.5*(LOG10(H18/H19)+1)*H19)*10,0)/10 -> 5.9 | I24: =H19*0.5 -> 9.5 | M24: EDA-FIM alignment | N24: =ROUND((0.5*(LOG10(N18/N19)+1)*N19)*10,0)/10 -> 5.9 | O24: =N19*0.5 -> 9.5
A25: Total | B25: =ROUND(SUM(B22:B24)*10,0)/10 -> 31.9 | C25: =SUM(C22:C24) -> 47.5 | D25: =100*B25/C25 -> 67.157895 | G25: Total | H25: =ROUND(SUM(H22:H24)*10,0)/10 -> 31.9 | I25: =SUM(I22:I24) -> 47.5 | J25: =100*H25/I25 -> 67.157895 | M25: Total | N25: =ROUND(SUM(N22:N24)*10,0)/10 -> 31.9 | O25: =SUM(O22:O24) -> 47.5 | P25: =100*N25/O25 -> 67.157895
C28: p-value cutoff | D28: 0.001 | I28: p-value cutoff | J28: 0.001 | O28: p-value cutoff | P28: 0.001
A29: Ante-hoc aligned | B29: ='Case 6 p 0.001 NFIM 0.05'!C28 -> 15 | C29: NFIM cutoff | D29: 0.05 | G29: Ante-hoc aligned | H29: ='Case 6 p 0.001 NFIM 0.10'!C28 -> 15 | I29: NFIM cutoff | J29: 0.1 | M29: Ante-hoc aligned | N29: ='Case 6 p 0.001 NFIM 0.15'!C28 -> 15 | O29: NFIM cutoff | P29: 0.15
A30: Post-hoc aligned | B30: ='Case 6 p 0.001 NFIM 0.05'!C29 -> 10 | G30: Post-hoc aligned | H30: ='Case 6 p 0.001 NFIM 0.10'!C29 -> 10 | M30: Post-hoc aligned | N30: ='Case 6 p 0.001 NFIM 0.15'!C29 -> 10
A31: EDA-FIM aligned | B31: ='Case 6 p 0.001 NFIM 0.05'!C30 -> 8 | G31: EDA-FIM aligned | H31: ='Case 6 p 0.001 NFIM 0.10'!C30 -> 8 | M31: EDA-FIM aligned | N31: ='Case 6 p 0.001 NFIM 0.15'!C30 -> 8
A32: Total number of predictors | B32: 19 | G32: Total number of predictors | H32: 19 | M32: Total number of predictors | N32: 19
A34: Score | B34: Points | C34: Max. Possible points | D34: Percentage | G34: Score | H34: Points | I34: Max. Possible points | J34: Percentage | M34: Score | N34: Points | O34: Max. Possible points | P34: Percentage
A35: Ante-hoc Alignment | B35: =B29 -> 15 | C35: =B32 -> 19 | G35: Ante-hoc Alignment | H35: =H29 -> 15 | I35: =H32 -> 19 | M35: Ante-hoc Alignment | N35: =N29 -> 15 | O35: =N32 -> 19
A36: Post-hoc Alignment | B36: =B30 -> 10 | C36: =B32 -> 19 | G36: Post-hoc Alignment | H36: =H30 -> 10 | I36: =H32 -> 19 | M36: Post-hoc Alignment | N36: =N30 -> 10 | O36: =N32 -> 19
A37: EDA-FIM alignment | B37: =ROUND((0.5*(LOG10(B31/B32)+1)*B32)*10,0)/10 -> 5.9 | C37: =B32*0.5 -> 9.5 | G37: EDA-FIM alignment | H37: =ROUND((0.5*(LOG10(H31/H32)+1)*H32)*10,0)/10 -> 5.9 | I37: =H32*0.5 -> 9.5 | M37: EDA-FIM alignment | N37: =ROUND((0.5*(LOG10(N31/N32)+1)*N32)*10,0)/10 -> 5.9 | O37: =N32*0.5 -> 9.5
A38: Total | B38: =ROUND(SUM(B35:B37)*10,0)/10 -> 30.9 | C38: =SUM(C35:C37) -> 47.5 | D38: =100*B38/C38 -> 65.052632 | G38: Total | H38: =ROUND(SUM(H35:H37)*10,0)/10 -> 30.9 | I38: =SUM(I35:I37) -> 47.5 | J38: =100*H38/I38 -> 65.052632 | M38: Total | N38: =ROUND(SUM(N35:N37)*10,0)/10 -> 30.9 | O38: =SUM(O35:O37) -> 47.5 | P38: =100*N38/O38 -> 65.052632
